sequencia;objeto;tipo_obj;fundo;iluminacao;transformacao;responsavel;arquivo
1;garfo;a;branco;indoor dia;bbox otsu;Josilton;1081.jpg
2;garfo;a;branco;indoor dia;bbox otsu;Josilton;1082.jpg
3;garfo;a;branco;indoor dia;bbox otsu;Josilton;1083.jpg
1;faca;a;branco;indoor dia;bbox otsu;Josilton;1084.jpg
2;faca;a;branco;indoor dia;bbox otsu;Josilton;1085.jpg
3;faca;a;branco;indoor dia;bbox otsu;Josilton;1086.jpg
1;colher;a;branco;indoor dia;bbox otsu;Josilton;1087.jpg
2;colher;a;branco;indoor dia;bbox otsu;Josilton;1088.jpg
3;colher;a;branco;indoor dia;bbox otsu;Josilton;1089.jpg
1;copo;a;branco;indoor dia;bbox otsu;Josilton;1090.jpg
2;copo;a;branco;indoor dia;bbox otsu;Josilton;1091.jpg
3;copo;a;branco;indoor dia;bbox otsu;Josilton;1092.jpg
1;caneca;a;branco;indoor dia;bbox otsu;Josilton;1093.jpg
2;caneca;a;branco;indoor dia;bbox otsu;Josilton;1094.jpg
3;caneca;a;branco;indoor dia;bbox otsu;Josilton;1095.jpg
1;alicate;a;branco;indoor dia;bbox otsu;Ciro;1096.jpg
2;alicate;a;branco;indoor dia;bbox otsu;Ciro;1097.jpg
3;alicate;a;branco;indoor dia;bbox otsu;Ciro;1098.jpg
1;chave;a;branco;indoor dia;bbox otsu;Ciro;1099.jpg
2;chave;a;branco;indoor dia;bbox otsu;Ciro;1100.jpg
3;chave;a;branco;indoor dia;bbox otsu;Ciro;1101.jpg
1;caneta;a;branco;indoor dia;bbox otsu;Ciro;1102.jpg
2;caneta;a;branco;indoor dia;bbox otsu;Ciro;1103.jpg
3;caneta;a;branco;indoor dia;bbox otsu;Ciro;1104.jpg
1;livro;a;branco;indoor dia;bbox otsu;Ciro;1105.jpg
2;livro;a;branco;indoor dia;bbox otsu;Ciro;1106.jpg
3;livro;a;branco;indoor dia;bbox otsu;Ciro;1107.jpg
1;caderno;a;branco;indoor dia;bbox otsu;Ciro;1108.jpg
2;caderno;a;branco;indoor dia;bbox otsu;Ciro;1109.jpg
3;caderno;a;branco;indoor dia;bbox otsu;Ciro;1110.jpg
1;garfo;b;branco;indoor dia;bbox otsu;Josilton;1111.jpg
2;garfo;b;branco;indoor dia;bbox otsu;Josilton;1112.jpg
3;garfo;b;branco;indoor dia;bbox otsu;Josilton;1113.jpg
1;faca;b;branco;indoor dia;bbox otsu;Josilton;1114.jpg
2;faca;b;branco;indoor dia;bbox otsu;Josilton;1115.jpg
3;faca;b;branco;indoor dia;bbox otsu;Josilton;1116.jpg
1;colher;b;branco;indoor dia;bbox otsu;Josilton;1117.jpg
2;colher;b;branco;indoor dia;bbox otsu;Josilton;1118.jpg
3;colher;b;branco;indoor dia;bbox otsu;Josilton;1119.jpg
1;copo;b;branco;indoor dia;bbox otsu;Josilton;1120.jpg
2;copo;b;branco;indoor dia;bbox otsu;Josilton;1121.jpg
3;copo;b;branco;indoor dia;bbox otsu;Josilton;1122.jpg
1;caneca;b;branco;indoor dia;bbox otsu;Josilton;1123.jpg
2;caneca;b;branco;indoor dia;bbox otsu;Josilton;1124.jpg
3;caneca;b;branco;indoor dia;bbox otsu;Josilton;1125.jpg
1;alicate;b;branco;indoor dia;bbox otsu;Ciro;1126.jpg
2;alicate;b;branco;indoor dia;bbox otsu;Ciro;1127.jpg
3;alicate;b;branco;indoor dia;bbox otsu;Ciro;1128.jpg
1;chave;b;branco;indoor dia;bbox otsu;Ciro;1129.jpg
2;chave;b;branco;indoor dia;bbox otsu;Ciro;1130.jpg
3;chave;b;branco;indoor dia;bbox otsu;Ciro;1131.jpg
1;caneta;b;branco;indoor dia;bbox otsu;Ciro;1132.jpg
2;caneta;b;branco;indoor dia;bbox otsu;Ciro;1133.jpg
3;caneta;b;branco;indoor dia;bbox otsu;Ciro;1134.jpg
1;livro;b;branco;indoor dia;bbox otsu;Ciro;1135.jpg
2;livro;b;branco;indoor dia;bbox otsu;Ciro;1136.jpg
3;livro;b;branco;indoor dia;bbox otsu;Ciro;1137.jpg
1;caderno;b;branco;indoor dia;bbox otsu;Ciro;1138.jpg
2;caderno;b;branco;indoor dia;bbox otsu;Ciro;1139.jpg
3;caderno;b;branco;indoor dia;bbox otsu;Ciro;1140.jpg
1;garfo;c;branco;indoor dia;bbox otsu;Josilton;1141.jpg
2;garfo;c;branco;indoor dia;bbox otsu;Josilton;1142.jpg
3;garfo;c;branco;indoor dia;bbox otsu;Josilton;1143.jpg
1;faca;c;branco;indoor dia;bbox otsu;Josilton;1144.jpg
2;faca;c;branco;indoor dia;bbox otsu;Josilton;1145.jpg
3;faca;c;branco;indoor dia;bbox otsu;Josilton;1146.jpg
1;colher;c;branco;indoor dia;bbox otsu;Josilton;1147.jpg
2;colher;c;branco;indoor dia;bbox otsu;Josilton;1148.jpg
3;colher;c;branco;indoor dia;bbox otsu;Josilton;1149.jpg
1;copo;c;branco;indoor dia;bbox otsu;Josilton;1150.jpg
2;copo;c;branco;indoor dia;bbox otsu;Josilton;1151.jpg
3;copo;c;branco;indoor dia;bbox otsu;Josilton;1152.jpg
1;caneca;c;branco;indoor dia;bbox otsu;Josilton;1153.jpg
2;caneca;c;branco;indoor dia;bbox otsu;Josilton;1154.jpg
3;caneca;c;branco;indoor dia;bbox otsu;Josilton;1155.jpg
1;alicate;c;branco;indoor dia;bbox otsu;Ciro;1156.jpg
2;alicate;c;branco;indoor dia;bbox otsu;Ciro;1157.jpg
3;alicate;c;branco;indoor dia;bbox otsu;Ciro;1158.jpg
1;chave;c;branco;indoor dia;bbox otsu;Ciro;1159.jpg
2;chave;c;branco;indoor dia;bbox otsu;Ciro;1160.jpg
3;chave;c;branco;indoor dia;bbox otsu;Ciro;1161.jpg
1;caneta;c;branco;indoor dia;bbox otsu;Ciro;1162.jpg
2;caneta;c;branco;indoor dia;bbox otsu;Ciro;1163.jpg
3;caneta;c;branco;indoor dia;bbox otsu;Ciro;1164.jpg
1;livro;c;branco;indoor dia;bbox otsu;Ciro;1165.jpg
2;livro;c;branco;indoor dia;bbox otsu;Ciro;1166.jpg
3;livro;c;branco;indoor dia;bbox otsu;Ciro;1167.jpg
1;caderno;c;branco;indoor dia;bbox otsu;Ciro;1168.jpg
2;caderno;c;branco;indoor dia;bbox otsu;Ciro;1169.jpg
3;caderno;c;branco;indoor dia;bbox otsu;Ciro;1170.jpg
1;garfo;a;mickey;indoor dia;bbox otsu;Josilton;1171.jpg
2;garfo;a;mickey;indoor dia;bbox otsu;Josilton;1172.jpg
3;garfo;a;mickey;indoor dia;bbox otsu;Josilton;1173.jpg
1;faca;a;mickey;indoor dia;bbox otsu;Josilton;1174.jpg
2;faca;a;mickey;indoor dia;bbox otsu;Josilton;1175.jpg
3;faca;a;mickey;indoor dia;bbox otsu;Josilton;1176.jpg
1;colher;a;mickey;indoor dia;bbox otsu;Josilton;1177.jpg
2;colher;a;mickey;indoor dia;bbox otsu;Josilton;1178.jpg
3;colher;a;mickey;indoor dia;bbox otsu;Josilton;1179.jpg
1;copo;a;mickey;indoor dia;bbox otsu;Josilton;1180.jpg
2;copo;a;mickey;indoor dia;bbox otsu;Josilton;1181.jpg
3;copo;a;mickey;indoor dia;bbox otsu;Josilton;1182.jpg
1;caneca;a;mickey;indoor dia;bbox otsu;Josilton;1183.jpg
2;caneca;a;mickey;indoor dia;bbox otsu;Josilton;1184.jpg
3;caneca;a;mickey;indoor dia;bbox otsu;Josilton;1185.jpg
1;alicate;a;mickey;indoor dia;bbox otsu;Ciro;1186.jpg
2;alicate;a;mickey;indoor dia;bbox otsu;Ciro;1187.jpg
3;alicate;a;mickey;indoor dia;bbox otsu;Ciro;1188.jpg
1;chave;a;mickey;indoor dia;bbox otsu;Ciro;1189.jpg
2;chave;a;mickey;indoor dia;bbox otsu;Ciro;1190.jpg
3;chave;a;mickey;indoor dia;bbox otsu;Ciro;1191.jpg
1;caneta;a;mickey;indoor dia;bbox otsu;Ciro;1192.jpg
2;caneta;a;mickey;indoor dia;bbox otsu;Ciro;1193.jpg
3;caneta;a;mickey;indoor dia;bbox otsu;Ciro;1194.jpg
1;livro;a;mickey;indoor dia;bbox otsu;Ciro;1195.jpg
2;livro;a;mickey;indoor dia;bbox otsu;Ciro;1196.jpg
3;livro;a;mickey;indoor dia;bbox otsu;Ciro;1197.jpg
1;caderno;a;mickey;indoor dia;bbox otsu;Ciro;1198.jpg
2;caderno;a;mickey;indoor dia;bbox otsu;Ciro;1199.jpg
3;caderno;a;mickey;indoor dia;bbox otsu;Ciro;1200.jpg
1;garfo;b;mickey;indoor dia;bbox otsu;Josilton;1201.jpg
2;garfo;b;mickey;indoor dia;bbox otsu;Josilton;1202.jpg
3;garfo;b;mickey;indoor dia;bbox otsu;Josilton;1203.jpg
1;faca;b;mickey;indoor dia;bbox otsu;Josilton;1204.jpg
2;faca;b;mickey;indoor dia;bbox otsu;Josilton;1205.jpg
3;faca;b;mickey;indoor dia;bbox otsu;Josilton;1206.jpg
1;colher;b;mickey;indoor dia;bbox otsu;Josilton;1207.jpg
2;colher;b;mickey;indoor dia;bbox otsu;Josilton;1208.jpg
3;colher;b;mickey;indoor dia;bbox otsu;Josilton;1209.jpg
1;copo;b;mickey;indoor dia;bbox otsu;Josilton;1210.jpg
2;copo;b;mickey;indoor dia;bbox otsu;Josilton;1211.jpg
3;copo;b;mickey;indoor dia;bbox otsu;Josilton;1212.jpg
1;caneca;b;mickey;indoor dia;bbox otsu;Josilton;1213.jpg
2;caneca;b;mickey;indoor dia;bbox otsu;Josilton;1214.jpg
3;caneca;b;mickey;indoor dia;bbox otsu;Josilton;1215.jpg
1;alicate;b;mickey;indoor dia;bbox otsu;Ciro;1216.jpg
2;alicate;b;mickey;indoor dia;bbox otsu;Ciro;1217.jpg
3;alicate;b;mickey;indoor dia;bbox otsu;Ciro;1218.jpg
1;chave;b;mickey;indoor dia;bbox otsu;Ciro;1219.jpg
2;chave;b;mickey;indoor dia;bbox otsu;Ciro;1220.jpg
3;chave;b;mickey;indoor dia;bbox otsu;Ciro;1221.jpg
1;caneta;b;mickey;indoor dia;bbox otsu;Ciro;1222.jpg
2;caneta;b;mickey;indoor dia;bbox otsu;Ciro;1223.jpg
3;caneta;b;mickey;indoor dia;bbox otsu;Ciro;1224.jpg
1;livro;b;mickey;indoor dia;bbox otsu;Ciro;1225.jpg
2;livro;b;mickey;indoor dia;bbox otsu;Ciro;1226.jpg
3;livro;b;mickey;indoor dia;bbox otsu;Ciro;1227.jpg
1;caderno;b;mickey;indoor dia;bbox otsu;Ciro;1228.jpg
2;caderno;b;mickey;indoor dia;bbox otsu;Ciro;1229.jpg
3;caderno;b;mickey;indoor dia;bbox otsu;Ciro;1230.jpg
1;garfo;c;mickey;indoor dia;bbox otsu;Josilton;1231.jpg
2;garfo;c;mickey;indoor dia;bbox otsu;Josilton;1232.jpg
3;garfo;c;mickey;indoor dia;bbox otsu;Josilton;1233.jpg
1;faca;c;mickey;indoor dia;bbox otsu;Josilton;1234.jpg
2;faca;c;mickey;indoor dia;bbox otsu;Josilton;1235.jpg
3;faca;c;mickey;indoor dia;bbox otsu;Josilton;1236.jpg
1;colher;c;mickey;indoor dia;bbox otsu;Josilton;1237.jpg
2;colher;c;mickey;indoor dia;bbox otsu;Josilton;1238.jpg
3;colher;c;mickey;indoor dia;bbox otsu;Josilton;1239.jpg
1;copo;c;mickey;indoor dia;bbox otsu;Josilton;1240.jpg
2;copo;c;mickey;indoor dia;bbox otsu;Josilton;1241.jpg
3;copo;c;mickey;indoor dia;bbox otsu;Josilton;1242.jpg
1;caneca;c;mickey;indoor dia;bbox otsu;Josilton;1243.jpg
2;caneca;c;mickey;indoor dia;bbox otsu;Josilton;1244.jpg
3;caneca;c;mickey;indoor dia;bbox otsu;Josilton;1245.jpg
1;alicate;c;mickey;indoor dia;bbox otsu;Ciro;1246.jpg
2;alicate;c;mickey;indoor dia;bbox otsu;Ciro;1247.jpg
3;alicate;c;mickey;indoor dia;bbox otsu;Ciro;1248.jpg
1;chave;c;mickey;indoor dia;bbox otsu;Ciro;1249.jpg
2;chave;c;mickey;indoor dia;bbox otsu;Ciro;1250.jpg
3;chave;c;mickey;indoor dia;bbox otsu;Ciro;1251.jpg
1;caneta;c;mickey;indoor dia;bbox otsu;Ciro;1252.jpg
2;caneta;c;mickey;indoor dia;bbox otsu;Ciro;1253.jpg
3;caneta;c;mickey;indoor dia;bbox otsu;Ciro;1254.jpg
1;livro;c;mickey;indoor dia;bbox otsu;Ciro;1255.jpg
2;livro;c;mickey;indoor dia;bbox otsu;Ciro;1256.jpg
3;livro;c;mickey;indoor dia;bbox otsu;Ciro;1257.jpg
1;caderno;c;mickey;indoor dia;bbox otsu;Ciro;1258.jpg
2;caderno;c;mickey;indoor dia;bbox otsu;Ciro;1259.jpg
3;caderno;c;mickey;indoor dia;bbox otsu;Ciro;1260.jpg
1;garfo;a;xadrez;indoor dia;bbox otsu;Josilton;1261.jpg
2;garfo;a;xadrez;indoor dia;bbox otsu;Josilton;1262.jpg
3;garfo;a;xadrez;indoor dia;bbox otsu;Josilton;1263.jpg
1;faca;a;xadrez;indoor dia;bbox otsu;Josilton;1264.jpg
2;faca;a;xadrez;indoor dia;bbox otsu;Josilton;1265.jpg
3;faca;a;xadrez;indoor dia;bbox otsu;Josilton;1266.jpg
1;colher;a;xadrez;indoor dia;bbox otsu;Josilton;1267.jpg
2;colher;a;xadrez;indoor dia;bbox otsu;Josilton;1268.jpg
3;colher;a;xadrez;indoor dia;bbox otsu;Josilton;1269.jpg
1;copo;a;xadrez;indoor dia;bbox otsu;Josilton;1270.jpg
2;copo;a;xadrez;indoor dia;bbox otsu;Josilton;1271.jpg
3;copo;a;xadrez;indoor dia;bbox otsu;Josilton;1272.jpg
1;caneca;a;xadrez;indoor dia;bbox otsu;Josilton;1273.jpg
2;caneca;a;xadrez;indoor dia;bbox otsu;Josilton;1274.jpg
3;caneca;a;xadrez;indoor dia;bbox otsu;Josilton;1275.jpg
1;alicate;a;xadrez;indoor dia;bbox otsu;Ciro;1276.jpg
2;alicate;a;xadrez;indoor dia;bbox otsu;Ciro;1277.jpg
3;alicate;a;xadrez;indoor dia;bbox otsu;Ciro;1278.jpg
1;chave;a;xadrez;indoor dia;bbox otsu;Ciro;1279.jpg
2;chave;a;xadrez;indoor dia;bbox otsu;Ciro;1280.jpg
3;chave;a;xadrez;indoor dia;bbox otsu;Ciro;1281.jpg
1;caneta;a;xadrez;indoor dia;bbox otsu;Ciro;1282.jpg
2;caneta;a;xadrez;indoor dia;bbox otsu;Ciro;1283.jpg
3;caneta;a;xadrez;indoor dia;bbox otsu;Ciro;1284.jpg
1;livro;a;xadrez;indoor dia;bbox otsu;Ciro;1285.jpg
2;livro;a;xadrez;indoor dia;bbox otsu;Ciro;1286.jpg
3;livro;a;xadrez;indoor dia;bbox otsu;Ciro;1287.jpg
1;caderno;a;xadrez;indoor dia;bbox otsu;Ciro;1288.jpg
2;caderno;a;xadrez;indoor dia;bbox otsu;Ciro;1289.jpg
3;caderno;a;xadrez;indoor dia;bbox otsu;Ciro;1290.jpg
1;garfo;b;xadrez;indoor dia;bbox otsu;Josilton;1291.jpg
2;garfo;b;xadrez;indoor dia;bbox otsu;Josilton;1292.jpg
3;garfo;b;xadrez;indoor dia;bbox otsu;Josilton;1293.jpg
1;faca;b;xadrez;indoor dia;bbox otsu;Josilton;1294.jpg
2;faca;b;xadrez;indoor dia;bbox otsu;Josilton;1295.jpg
3;faca;b;xadrez;indoor dia;bbox otsu;Josilton;1296.jpg
1;colher;b;xadrez;indoor dia;bbox otsu;Josilton;1297.jpg
2;colher;b;xadrez;indoor dia;bbox otsu;Josilton;1298.jpg
3;colher;b;xadrez;indoor dia;bbox otsu;Josilton;1299.jpg
1;copo;b;xadrez;indoor dia;bbox otsu;Josilton;1300.jpg
2;copo;b;xadrez;indoor dia;bbox otsu;Josilton;1301.jpg
3;copo;b;xadrez;indoor dia;bbox otsu;Josilton;1302.jpg
1;caneca;b;xadrez;indoor dia;bbox otsu;Josilton;1303.jpg
2;caneca;b;xadrez;indoor dia;bbox otsu;Josilton;1304.jpg
3;caneca;b;xadrez;indoor dia;bbox otsu;Josilton;1305.jpg
1;alicate;b;xadrez;indoor dia;bbox otsu;Ciro;1306.jpg
2;alicate;b;xadrez;indoor dia;bbox otsu;Ciro;1307.jpg
3;alicate;b;xadrez;indoor dia;bbox otsu;Ciro;1308.jpg
1;chave;b;xadrez;indoor dia;bbox otsu;Ciro;1309.jpg
2;chave;b;xadrez;indoor dia;bbox otsu;Ciro;1310.jpg
3;chave;b;xadrez;indoor dia;bbox otsu;Ciro;1311.jpg
1;caneta;b;xadrez;indoor dia;bbox otsu;Ciro;1312.jpg
2;caneta;b;xadrez;indoor dia;bbox otsu;Ciro;1313.jpg
3;caneta;b;xadrez;indoor dia;bbox otsu;Ciro;1314.jpg
1;livro;b;xadrez;indoor dia;bbox otsu;Ciro;1315.jpg
2;livro;b;xadrez;indoor dia;bbox otsu;Ciro;1316.jpg
3;livro;b;xadrez;indoor dia;bbox otsu;Ciro;1317.jpg
1;caderno;b;xadrez;indoor dia;bbox otsu;Ciro;1318.jpg
2;caderno;b;xadrez;indoor dia;bbox otsu;Ciro;1319.jpg
3;caderno;b;xadrez;indoor dia;bbox otsu;Ciro;1320.jpg
1;garfo;c;xadrez;indoor dia;bbox otsu;Josilton;1321.jpg
2;garfo;c;xadrez;indoor dia;bbox otsu;Josilton;1322.jpg
3;garfo;c;xadrez;indoor dia;bbox otsu;Josilton;1323.jpg
1;faca;c;xadrez;indoor dia;bbox otsu;Josilton;1324.jpg
2;faca;c;xadrez;indoor dia;bbox otsu;Josilton;1325.jpg
3;faca;c;xadrez;indoor dia;bbox otsu;Josilton;1326.jpg
1;colher;c;xadrez;indoor dia;bbox otsu;Josilton;1327.jpg
2;colher;c;xadrez;indoor dia;bbox otsu;Josilton;1328.jpg
3;colher;c;xadrez;indoor dia;bbox otsu;Josilton;1329.jpg
1;copo;c;xadrez;indoor dia;bbox otsu;Josilton;1330.jpg
2;copo;c;xadrez;indoor dia;bbox otsu;Josilton;1331.jpg
3;copo;c;xadrez;indoor dia;bbox otsu;Josilton;1332.jpg
1;caneca;c;xadrez;indoor dia;bbox otsu;Josilton;1333.jpg
2;caneca;c;xadrez;indoor dia;bbox otsu;Josilton;1334.jpg
3;caneca;c;xadrez;indoor dia;bbox otsu;Josilton;1335.jpg
1;alicate;c;xadrez;indoor dia;bbox otsu;Ciro;1336.jpg
2;alicate;c;xadrez;indoor dia;bbox otsu;Ciro;1337.jpg
3;alicate;c;xadrez;indoor dia;bbox otsu;Ciro;1338.jpg
1;chave;c;xadrez;indoor dia;bbox otsu;Ciro;1339.jpg
2;chave;c;xadrez;indoor dia;bbox otsu;Ciro;1340.jpg
3;chave;c;xadrez;indoor dia;bbox otsu;Ciro;1341.jpg
1;caneta;c;xadrez;indoor dia;bbox otsu;Ciro;1342.jpg
2;caneta;c;xadrez;indoor dia;bbox otsu;Ciro;1343.jpg
3;caneta;c;xadrez;indoor dia;bbox otsu;Ciro;1344.jpg
1;livro;c;xadrez;indoor dia;bbox otsu;Ciro;1345.jpg
2;livro;c;xadrez;indoor dia;bbox otsu;Ciro;1346.jpg
3;livro;c;xadrez;indoor dia;bbox otsu;Ciro;1347.jpg
1;caderno;c;xadrez;indoor dia;bbox otsu;Ciro;1348.jpg
2;caderno;c;xadrez;indoor dia;bbox otsu;Ciro;1349.jpg
3;caderno;c;xadrez;indoor dia;bbox otsu;Ciro;1350.jpg
1;garfo;a;branco;outdoor dia;bbox otsu;Josilton;1351.jpg
2;garfo;a;branco;outdoor dia;bbox otsu;Josilton;1352.jpg
3;garfo;a;branco;outdoor dia;bbox otsu;Josilton;1353.jpg
1;faca;a;branco;outdoor dia;bbox otsu;Josilton;1354.jpg
2;faca;a;branco;outdoor dia;bbox otsu;Josilton;1355.jpg
3;faca;a;branco;outdoor dia;bbox otsu;Josilton;1356.jpg
1;colher;a;branco;outdoor dia;bbox otsu;Josilton;1357.jpg
2;colher;a;branco;outdoor dia;bbox otsu;Josilton;1358.jpg
3;colher;a;branco;outdoor dia;bbox otsu;Josilton;1359.jpg
1;copo;a;branco;outdoor dia;bbox otsu;Josilton;1360.jpg
2;copo;a;branco;outdoor dia;bbox otsu;Josilton;1361.jpg
3;copo;a;branco;outdoor dia;bbox otsu;Josilton;1362.jpg
1;caneca;a;branco;outdoor dia;bbox otsu;Josilton;1363.jpg
2;caneca;a;branco;outdoor dia;bbox otsu;Josilton;1364.jpg
3;caneca;a;branco;outdoor dia;bbox otsu;Josilton;1365.jpg
1;alicate;a;branco;outdoor dia;bbox otsu;Ciro;1366.jpg
2;alicate;a;branco;outdoor dia;bbox otsu;Ciro;1367.jpg
3;alicate;a;branco;outdoor dia;bbox otsu;Ciro;1368.jpg
1;chave;a;branco;outdoor dia;bbox otsu;Ciro;1369.jpg
2;chave;a;branco;outdoor dia;bbox otsu;Ciro;1370.jpg
3;chave;a;branco;outdoor dia;bbox otsu;Ciro;1371.jpg
1;caneta;a;branco;outdoor dia;bbox otsu;Ciro;1372.jpg
2;caneta;a;branco;outdoor dia;bbox otsu;Ciro;1373.jpg
3;caneta;a;branco;outdoor dia;bbox otsu;Ciro;1374.jpg
1;livro;a;branco;outdoor dia;bbox otsu;Ciro;1375.jpg
2;livro;a;branco;outdoor dia;bbox otsu;Ciro;1376.jpg
3;livro;a;branco;outdoor dia;bbox otsu;Ciro;1377.jpg
1;caderno;a;branco;outdoor dia;bbox otsu;Ciro;1378.jpg
2;caderno;a;branco;outdoor dia;bbox otsu;Ciro;1379.jpg
3;caderno;a;branco;outdoor dia;bbox otsu;Ciro;1380.jpg
1;garfo;b;branco;outdoor dia;bbox otsu;Josilton;1381.jpg
2;garfo;b;branco;outdoor dia;bbox otsu;Josilton;1382.jpg
3;garfo;b;branco;outdoor dia;bbox otsu;Josilton;1383.jpg
1;faca;b;branco;outdoor dia;bbox otsu;Josilton;1384.jpg
2;faca;b;branco;outdoor dia;bbox otsu;Josilton;1385.jpg
3;faca;b;branco;outdoor dia;bbox otsu;Josilton;1386.jpg
1;colher;b;branco;outdoor dia;bbox otsu;Josilton;1387.jpg
2;colher;b;branco;outdoor dia;bbox otsu;Josilton;1388.jpg
3;colher;b;branco;outdoor dia;bbox otsu;Josilton;1389.jpg
1;copo;b;branco;outdoor dia;bbox otsu;Josilton;1390.jpg
2;copo;b;branco;outdoor dia;bbox otsu;Josilton;1391.jpg
3;copo;b;branco;outdoor dia;bbox otsu;Josilton;1392.jpg
1;caneca;b;branco;outdoor dia;bbox otsu;Josilton;1393.jpg
2;caneca;b;branco;outdoor dia;bbox otsu;Josilton;1394.jpg
3;caneca;b;branco;outdoor dia;bbox otsu;Josilton;1395.jpg
1;alicate;b;branco;outdoor dia;bbox otsu;Ciro;1396.jpg
2;alicate;b;branco;outdoor dia;bbox otsu;Ciro;1397.jpg
3;alicate;b;branco;outdoor dia;bbox otsu;Ciro;1398.jpg
1;chave;b;branco;outdoor dia;bbox otsu;Ciro;1399.jpg
2;chave;b;branco;outdoor dia;bbox otsu;Ciro;1400.jpg
3;chave;b;branco;outdoor dia;bbox otsu;Ciro;1401.jpg
1;caneta;b;branco;outdoor dia;bbox otsu;Ciro;1402.jpg
2;caneta;b;branco;outdoor dia;bbox otsu;Ciro;1403.jpg
3;caneta;b;branco;outdoor dia;bbox otsu;Ciro;1404.jpg
1;livro;b;branco;outdoor dia;bbox otsu;Ciro;1405.jpg
2;livro;b;branco;outdoor dia;bbox otsu;Ciro;1406.jpg
3;livro;b;branco;outdoor dia;bbox otsu;Ciro;1407.jpg
1;caderno;b;branco;outdoor dia;bbox otsu;Ciro;1408.jpg
2;caderno;b;branco;outdoor dia;bbox otsu;Ciro;1409.jpg
3;caderno;b;branco;outdoor dia;bbox otsu;Ciro;1410.jpg
1;garfo;c;branco;outdoor dia;bbox otsu;Josilton;1411.jpg
2;garfo;c;branco;outdoor dia;bbox otsu;Josilton;1412.jpg
3;garfo;c;branco;outdoor dia;bbox otsu;Josilton;1413.jpg
1;faca;c;branco;outdoor dia;bbox otsu;Josilton;1414.jpg
2;faca;c;branco;outdoor dia;bbox otsu;Josilton;1415.jpg
3;faca;c;branco;outdoor dia;bbox otsu;Josilton;1416.jpg
1;colher;c;branco;outdoor dia;bbox otsu;Josilton;1417.jpg
2;colher;c;branco;outdoor dia;bbox otsu;Josilton;1418.jpg
3;colher;c;branco;outdoor dia;bbox otsu;Josilton;1419.jpg
1;copo;c;branco;outdoor dia;bbox otsu;Josilton;1420.jpg
2;copo;c;branco;outdoor dia;bbox otsu;Josilton;1421.jpg
3;copo;c;branco;outdoor dia;bbox otsu;Josilton;1422.jpg
1;caneca;c;branco;outdoor dia;bbox otsu;Josilton;1423.jpg
2;caneca;c;branco;outdoor dia;bbox otsu;Josilton;1424.jpg
3;caneca;c;branco;outdoor dia;bbox otsu;Josilton;1425.jpg
1;alicate;c;branco;outdoor dia;bbox otsu;Ciro;1426.jpg
2;alicate;c;branco;outdoor dia;bbox otsu;Ciro;1427.jpg
3;alicate;c;branco;outdoor dia;bbox otsu;Ciro;1428.jpg
1;chave;c;branco;outdoor dia;bbox otsu;Ciro;1429.jpg
2;chave;c;branco;outdoor dia;bbox otsu;Ciro;1430.jpg
3;chave;c;branco;outdoor dia;bbox otsu;Ciro;1431.jpg
1;caneta;c;branco;outdoor dia;bbox otsu;Ciro;1432.jpg
2;caneta;c;branco;outdoor dia;bbox otsu;Ciro;1433.jpg
3;caneta;c;branco;outdoor dia;bbox otsu;Ciro;1434.jpg
1;livro;c;branco;outdoor dia;bbox otsu;Ciro;1435.jpg
2;livro;c;branco;outdoor dia;bbox otsu;Ciro;1436.jpg
3;livro;c;branco;outdoor dia;bbox otsu;Ciro;1437.jpg
1;caderno;c;branco;outdoor dia;bbox otsu;Ciro;1438.jpg
2;caderno;c;branco;outdoor dia;bbox otsu;Ciro;1439.jpg
3;caderno;c;branco;outdoor dia;bbox otsu;Ciro;1440.jpg
1;garfo;a;mickey;outdoor dia;bbox otsu;Josilton;1441.jpg
2;garfo;a;mickey;outdoor dia;bbox otsu;Josilton;1442.jpg
3;garfo;a;mickey;outdoor dia;bbox otsu;Josilton;1443.jpg
1;faca;a;mickey;outdoor dia;bbox otsu;Josilton;1444.jpg
2;faca;a;mickey;outdoor dia;bbox otsu;Josilton;1445.jpg
3;faca;a;mickey;outdoor dia;bbox otsu;Josilton;1446.jpg
1;colher;a;mickey;outdoor dia;bbox otsu;Josilton;1447.jpg
2;colher;a;mickey;outdoor dia;bbox otsu;Josilton;1448.jpg
3;colher;a;mickey;outdoor dia;bbox otsu;Josilton;1449.jpg
1;copo;a;mickey;outdoor dia;bbox otsu;Josilton;1450.jpg
2;copo;a;mickey;outdoor dia;bbox otsu;Josilton;1451.jpg
3;copo;a;mickey;outdoor dia;bbox otsu;Josilton;1452.jpg
1;caneca;a;mickey;outdoor dia;bbox otsu;Josilton;1453.jpg
2;caneca;a;mickey;outdoor dia;bbox otsu;Josilton;1454.jpg
3;caneca;a;mickey;outdoor dia;bbox otsu;Josilton;1455.jpg
1;alicate;a;mickey;outdoor dia;bbox otsu;Ciro;1456.jpg
2;alicate;a;mickey;outdoor dia;bbox otsu;Ciro;1457.jpg
3;alicate;a;mickey;outdoor dia;bbox otsu;Ciro;1458.jpg
1;chave;a;mickey;outdoor dia;bbox otsu;Ciro;1459.jpg
2;chave;a;mickey;outdoor dia;bbox otsu;Ciro;1460.jpg
3;chave;a;mickey;outdoor dia;bbox otsu;Ciro;1461.jpg
1;caneta;a;mickey;outdoor dia;bbox otsu;Ciro;1462.jpg
2;caneta;a;mickey;outdoor dia;bbox otsu;Ciro;1463.jpg
3;caneta;a;mickey;outdoor dia;bbox otsu;Ciro;1464.jpg
1;livro;a;mickey;outdoor dia;bbox otsu;Ciro;1465.jpg
2;livro;a;mickey;outdoor dia;bbox otsu;Ciro;1466.jpg
3;livro;a;mickey;outdoor dia;bbox otsu;Ciro;1467.jpg
1;caderno;a;mickey;outdoor dia;bbox otsu;Ciro;1468.jpg
2;caderno;a;mickey;outdoor dia;bbox otsu;Ciro;1469.jpg
3;caderno;a;mickey;outdoor dia;bbox otsu;Ciro;1470.jpg
1;garfo;b;mickey;outdoor dia;bbox otsu;Josilton;1471.jpg
2;garfo;b;mickey;outdoor dia;bbox otsu;Josilton;1472.jpg
3;garfo;b;mickey;outdoor dia;bbox otsu;Josilton;1473.jpg
1;faca;b;mickey;outdoor dia;bbox otsu;Josilton;1474.jpg
2;faca;b;mickey;outdoor dia;bbox otsu;Josilton;1475.jpg
3;faca;b;mickey;outdoor dia;bbox otsu;Josilton;1476.jpg
1;colher;b;mickey;outdoor dia;bbox otsu;Josilton;1477.jpg
2;colher;b;mickey;outdoor dia;bbox otsu;Josilton;1478.jpg
3;colher;b;mickey;outdoor dia;bbox otsu;Josilton;1479.jpg
1;copo;b;mickey;outdoor dia;bbox otsu;Josilton;1480.jpg
2;copo;b;mickey;outdoor dia;bbox otsu;Josilton;1481.jpg
3;copo;b;mickey;outdoor dia;bbox otsu;Josilton;1482.jpg
1;caneca;b;mickey;outdoor dia;bbox otsu;Josilton;1483.jpg
2;caneca;b;mickey;outdoor dia;bbox otsu;Josilton;1484.jpg
3;caneca;b;mickey;outdoor dia;bbox otsu;Josilton;1485.jpg
1;alicate;b;mickey;outdoor dia;bbox otsu;Ciro;1486.jpg
2;alicate;b;mickey;outdoor dia;bbox otsu;Ciro;1487.jpg
3;alicate;b;mickey;outdoor dia;bbox otsu;Ciro;1488.jpg
1;chave;b;mickey;outdoor dia;bbox otsu;Ciro;1489.jpg
2;chave;b;mickey;outdoor dia;bbox otsu;Ciro;1490.jpg
3;chave;b;mickey;outdoor dia;bbox otsu;Ciro;1491.jpg
1;caneta;b;mickey;outdoor dia;bbox otsu;Ciro;1492.jpg
2;caneta;b;mickey;outdoor dia;bbox otsu;Ciro;1493.jpg
3;caneta;b;mickey;outdoor dia;bbox otsu;Ciro;1494.jpg
1;livro;b;mickey;outdoor dia;bbox otsu;Ciro;1495.jpg
2;livro;b;mickey;outdoor dia;bbox otsu;Ciro;1496.jpg
3;livro;b;mickey;outdoor dia;bbox otsu;Ciro;1497.jpg
1;caderno;b;mickey;outdoor dia;bbox otsu;Ciro;1498.jpg
2;caderno;b;mickey;outdoor dia;bbox otsu;Ciro;1499.jpg
3;caderno;b;mickey;outdoor dia;bbox otsu;Ciro;1500.jpg
1;garfo;c;mickey;outdoor dia;bbox otsu;Josilton;1501.jpg
2;garfo;c;mickey;outdoor dia;bbox otsu;Josilton;1502.jpg
3;garfo;c;mickey;outdoor dia;bbox otsu;Josilton;1503.jpg
1;faca;c;mickey;outdoor dia;bbox otsu;Josilton;1504.jpg
2;faca;c;mickey;outdoor dia;bbox otsu;Josilton;1505.jpg
3;faca;c;mickey;outdoor dia;bbox otsu;Josilton;1506.jpg
1;colher;c;mickey;outdoor dia;bbox otsu;Josilton;1507.jpg
2;colher;c;mickey;outdoor dia;bbox otsu;Josilton;1508.jpg
3;colher;c;mickey;outdoor dia;bbox otsu;Josilton;1509.jpg
1;copo;c;mickey;outdoor dia;bbox otsu;Josilton;1510.jpg
2;copo;c;mickey;outdoor dia;bbox otsu;Josilton;1511.jpg
3;copo;c;mickey;outdoor dia;bbox otsu;Josilton;1512.jpg
1;caneca;c;mickey;outdoor dia;bbox otsu;Josilton;1513.jpg
2;caneca;c;mickey;outdoor dia;bbox otsu;Josilton;1514.jpg
3;caneca;c;mickey;outdoor dia;bbox otsu;Josilton;1515.jpg
1;alicate;c;mickey;outdoor dia;bbox otsu;Ciro;1516.jpg
2;alicate;c;mickey;outdoor dia;bbox otsu;Ciro;1517.jpg
3;alicate;c;mickey;outdoor dia;bbox otsu;Ciro;1518.jpg
1;chave;c;mickey;outdoor dia;bbox otsu;Ciro;1519.jpg
2;chave;c;mickey;outdoor dia;bbox otsu;Ciro;1520.jpg
3;chave;c;mickey;outdoor dia;bbox otsu;Ciro;1521.jpg
1;caneta;c;mickey;outdoor dia;bbox otsu;Ciro;1522.jpg
2;caneta;c;mickey;outdoor dia;bbox otsu;Ciro;1523.jpg
3;caneta;c;mickey;outdoor dia;bbox otsu;Ciro;1524.jpg
1;livro;c;mickey;outdoor dia;bbox otsu;Ciro;1525.jpg
2;livro;c;mickey;outdoor dia;bbox otsu;Ciro;1526.jpg
3;livro;c;mickey;outdoor dia;bbox otsu;Ciro;1527.jpg
1;caderno;c;mickey;outdoor dia;bbox otsu;Ciro;1528.jpg
2;caderno;c;mickey;outdoor dia;bbox otsu;Ciro;1529.jpg
3;caderno;c;mickey;outdoor dia;bbox otsu;Ciro;1530.jpg
1;garfo;a;xadrez;outdoor dia;bbox otsu;Josilton;1531.jpg
2;garfo;a;xadrez;outdoor dia;bbox otsu;Josilton;1532.jpg
3;garfo;a;xadrez;outdoor dia;bbox otsu;Josilton;1533.jpg
1;faca;a;xadrez;outdoor dia;bbox otsu;Josilton;1534.jpg
2;faca;a;xadrez;outdoor dia;bbox otsu;Josilton;1535.jpg
3;faca;a;xadrez;outdoor dia;bbox otsu;Josilton;1536.jpg
1;colher;a;xadrez;outdoor dia;bbox otsu;Josilton;1537.jpg
2;colher;a;xadrez;outdoor dia;bbox otsu;Josilton;1538.jpg
3;colher;a;xadrez;outdoor dia;bbox otsu;Josilton;1539.jpg
1;copo;a;xadrez;outdoor dia;bbox otsu;Josilton;1540.jpg
2;copo;a;xadrez;outdoor dia;bbox otsu;Josilton;1541.jpg
3;copo;a;xadrez;outdoor dia;bbox otsu;Josilton;1542.jpg
1;caneca;a;xadrez;outdoor dia;bbox otsu;Josilton;1543.jpg
2;caneca;a;xadrez;outdoor dia;bbox otsu;Josilton;1544.jpg
3;caneca;a;xadrez;outdoor dia;bbox otsu;Josilton;1545.jpg
1;alicate;a;xadrez;outdoor dia;bbox otsu;Ciro;1546.jpg
2;alicate;a;xadrez;outdoor dia;bbox otsu;Ciro;1547.jpg
3;alicate;a;xadrez;outdoor dia;bbox otsu;Ciro;1548.jpg
1;chave;a;xadrez;outdoor dia;bbox otsu;Ciro;1549.jpg
2;chave;a;xadrez;outdoor dia;bbox otsu;Ciro;1550.jpg
3;chave;a;xadrez;outdoor dia;bbox otsu;Ciro;1551.jpg
1;caneta;a;xadrez;outdoor dia;bbox otsu;Ciro;1552.jpg
2;caneta;a;xadrez;outdoor dia;bbox otsu;Ciro;1553.jpg
3;caneta;a;xadrez;outdoor dia;bbox otsu;Ciro;1554.jpg
1;livro;a;xadrez;outdoor dia;bbox otsu;Ciro;1555.jpg
2;livro;a;xadrez;outdoor dia;bbox otsu;Ciro;1556.jpg
3;livro;a;xadrez;outdoor dia;bbox otsu;Ciro;1557.jpg
1;caderno;a;xadrez;outdoor dia;bbox otsu;Ciro;1558.jpg
2;caderno;a;xadrez;outdoor dia;bbox otsu;Ciro;1559.jpg
3;caderno;a;xadrez;outdoor dia;bbox otsu;Ciro;1560.jpg
1;garfo;b;xadrez;outdoor dia;bbox otsu;Josilton;1561.jpg
2;garfo;b;xadrez;outdoor dia;bbox otsu;Josilton;1562.jpg
3;garfo;b;xadrez;outdoor dia;bbox otsu;Josilton;1563.jpg
1;faca;b;xadrez;outdoor dia;bbox otsu;Josilton;1564.jpg
2;faca;b;xadrez;outdoor dia;bbox otsu;Josilton;1565.jpg
3;faca;b;xadrez;outdoor dia;bbox otsu;Josilton;1566.jpg
1;colher;b;xadrez;outdoor dia;bbox otsu;Josilton;1567.jpg
2;colher;b;xadrez;outdoor dia;bbox otsu;Josilton;1568.jpg
3;colher;b;xadrez;outdoor dia;bbox otsu;Josilton;1569.jpg
1;copo;b;xadrez;outdoor dia;bbox otsu;Josilton;1570.jpg
2;copo;b;xadrez;outdoor dia;bbox otsu;Josilton;1571.jpg
3;copo;b;xadrez;outdoor dia;bbox otsu;Josilton;1572.jpg
1;caneca;b;xadrez;outdoor dia;bbox otsu;Josilton;1573.jpg
2;caneca;b;xadrez;outdoor dia;bbox otsu;Josilton;1574.jpg
3;caneca;b;xadrez;outdoor dia;bbox otsu;Josilton;1575.jpg
1;alicate;b;xadrez;outdoor dia;bbox otsu;Ciro;1576.jpg
2;alicate;b;xadrez;outdoor dia;bbox otsu;Ciro;1577.jpg
3;alicate;b;xadrez;outdoor dia;bbox otsu;Ciro;1578.jpg
1;chave;b;xadrez;outdoor dia;bbox otsu;Ciro;1579.jpg
2;chave;b;xadrez;outdoor dia;bbox otsu;Ciro;1580.jpg
3;chave;b;xadrez;outdoor dia;bbox otsu;Ciro;1581.jpg
1;caneta;b;xadrez;outdoor dia;bbox otsu;Ciro;1582.jpg
2;caneta;b;xadrez;outdoor dia;bbox otsu;Ciro;1583.jpg
3;caneta;b;xadrez;outdoor dia;bbox otsu;Ciro;1584.jpg
1;livro;b;xadrez;outdoor dia;bbox otsu;Ciro;1585.jpg
2;livro;b;xadrez;outdoor dia;bbox otsu;Ciro;1586.jpg
3;livro;b;xadrez;outdoor dia;bbox otsu;Ciro;1587.jpg
1;caderno;b;xadrez;outdoor dia;bbox otsu;Ciro;1588.jpg
2;caderno;b;xadrez;outdoor dia;bbox otsu;Ciro;1589.jpg
3;caderno;b;xadrez;outdoor dia;bbox otsu;Ciro;1590.jpg
1;garfo;c;xadrez;outdoor dia;bbox otsu;Josilton;1591.jpg
2;garfo;c;xadrez;outdoor dia;bbox otsu;Josilton;1592.jpg
3;garfo;c;xadrez;outdoor dia;bbox otsu;Josilton;1593.jpg
1;faca;c;xadrez;outdoor dia;bbox otsu;Josilton;1594.jpg
2;faca;c;xadrez;outdoor dia;bbox otsu;Josilton;1595.jpg
3;faca;c;xadrez;outdoor dia;bbox otsu;Josilton;1596.jpg
1;colher;c;xadrez;outdoor dia;bbox otsu;Josilton;1597.jpg
2;colher;c;xadrez;outdoor dia;bbox otsu;Josilton;1598.jpg
3;colher;c;xadrez;outdoor dia;bbox otsu;Josilton;1599.jpg
1;copo;c;xadrez;outdoor dia;bbox otsu;Josilton;1600.jpg
2;copo;c;xadrez;outdoor dia;bbox otsu;Josilton;1601.jpg
3;copo;c;xadrez;outdoor dia;bbox otsu;Josilton;1602.jpg
1;caneca;c;xadrez;outdoor dia;bbox otsu;Josilton;1603.jpg
2;caneca;c;xadrez;outdoor dia;bbox otsu;Josilton;1604.jpg
3;caneca;c;xadrez;outdoor dia;bbox otsu;Josilton;1605.jpg
1;alicate;c;xadrez;outdoor dia;bbox otsu;Ciro;1606.jpg
2;alicate;c;xadrez;outdoor dia;bbox otsu;Ciro;1607.jpg
3;alicate;c;xadrez;outdoor dia;bbox otsu;Ciro;1608.jpg
1;chave;c;xadrez;outdoor dia;bbox otsu;Ciro;1609.jpg
2;chave;c;xadrez;outdoor dia;bbox otsu;Ciro;1610.jpg
3;chave;c;xadrez;outdoor dia;bbox otsu;Ciro;1611.jpg
1;caneta;c;xadrez;outdoor dia;bbox otsu;Ciro;1612.jpg
2;caneta;c;xadrez;outdoor dia;bbox otsu;Ciro;1613.jpg
3;caneta;c;xadrez;outdoor dia;bbox otsu;Ciro;1614.jpg
1;livro;c;xadrez;outdoor dia;bbox otsu;Ciro;1615.jpg
2;livro;c;xadrez;outdoor dia;bbox otsu;Ciro;1616.jpg
3;livro;c;xadrez;outdoor dia;bbox otsu;Ciro;1617.jpg
1;caderno;c;xadrez;outdoor dia;bbox otsu;Ciro;1618.jpg
2;caderno;c;xadrez;outdoor dia;bbox otsu;Ciro;1619.jpg
3;caderno;c;xadrez;outdoor dia;bbox otsu;Ciro;1620.jpg
1;garfo;a;branco;indoor noite;bbox otsu;Josilton;1621.jpg
2;garfo;a;branco;indoor noite;bbox otsu;Josilton;1622.jpg
3;garfo;a;branco;indoor noite;bbox otsu;Josilton;1623.jpg
1;faca;a;branco;indoor noite;bbox otsu;Josilton;1624.jpg
2;faca;a;branco;indoor noite;bbox otsu;Josilton;1625.jpg
3;faca;a;branco;indoor noite;bbox otsu;Josilton;1626.jpg
1;colher;a;branco;indoor noite;bbox otsu;Josilton;1627.jpg
2;colher;a;branco;indoor noite;bbox otsu;Josilton;1628.jpg
3;colher;a;branco;indoor noite;bbox otsu;Josilton;1629.jpg
1;copo;a;branco;indoor noite;bbox otsu;Josilton;1630.jpg
2;copo;a;branco;indoor noite;bbox otsu;Josilton;1631.jpg
3;copo;a;branco;indoor noite;bbox otsu;Josilton;1632.jpg
1;caneca;a;branco;indoor noite;bbox otsu;Josilton;1633.jpg
2;caneca;a;branco;indoor noite;bbox otsu;Josilton;1634.jpg
3;caneca;a;branco;indoor noite;bbox otsu;Josilton;1635.jpg
1;alicate;a;branco;indoor noite;bbox otsu;Ciro;1636.jpg
2;alicate;a;branco;indoor noite;bbox otsu;Ciro;1637.jpg
3;alicate;a;branco;indoor noite;bbox otsu;Ciro;1638.jpg
1;chave;a;branco;indoor noite;bbox otsu;Ciro;1639.jpg
2;chave;a;branco;indoor noite;bbox otsu;Ciro;1640.jpg
3;chave;a;branco;indoor noite;bbox otsu;Ciro;1641.jpg
1;caneta;a;branco;indoor noite;bbox otsu;Ciro;1642.jpg
2;caneta;a;branco;indoor noite;bbox otsu;Ciro;1643.jpg
3;caneta;a;branco;indoor noite;bbox otsu;Ciro;1644.jpg
1;livro;a;branco;indoor noite;bbox otsu;Ciro;1645.jpg
2;livro;a;branco;indoor noite;bbox otsu;Ciro;1646.jpg
3;livro;a;branco;indoor noite;bbox otsu;Ciro;1647.jpg
1;caderno;a;branco;indoor noite;bbox otsu;Ciro;1648.jpg
2;caderno;a;branco;indoor noite;bbox otsu;Ciro;1649.jpg
3;caderno;a;branco;indoor noite;bbox otsu;Ciro;1650.jpg
1;garfo;b;branco;indoor noite;bbox otsu;Josilton;1651.jpg
2;garfo;b;branco;indoor noite;bbox otsu;Josilton;1652.jpg
3;garfo;b;branco;indoor noite;bbox otsu;Josilton;1653.jpg
1;faca;b;branco;indoor noite;bbox otsu;Josilton;1654.jpg
2;faca;b;branco;indoor noite;bbox otsu;Josilton;1655.jpg
3;faca;b;branco;indoor noite;bbox otsu;Josilton;1656.jpg
1;colher;b;branco;indoor noite;bbox otsu;Josilton;1657.jpg
2;colher;b;branco;indoor noite;bbox otsu;Josilton;1658.jpg
3;colher;b;branco;indoor noite;bbox otsu;Josilton;1659.jpg
1;copo;b;branco;indoor noite;bbox otsu;Josilton;1660.jpg
2;copo;b;branco;indoor noite;bbox otsu;Josilton;1661.jpg
3;copo;b;branco;indoor noite;bbox otsu;Josilton;1662.jpg
1;caneca;b;branco;indoor noite;bbox otsu;Josilton;1663.jpg
2;caneca;b;branco;indoor noite;bbox otsu;Josilton;1664.jpg
3;caneca;b;branco;indoor noite;bbox otsu;Josilton;1665.jpg
1;alicate;b;branco;indoor noite;bbox otsu;Ciro;1666.jpg
2;alicate;b;branco;indoor noite;bbox otsu;Ciro;1667.jpg
3;alicate;b;branco;indoor noite;bbox otsu;Ciro;1668.jpg
1;chave;b;branco;indoor noite;bbox otsu;Ciro;1669.jpg
2;chave;b;branco;indoor noite;bbox otsu;Ciro;1670.jpg
3;chave;b;branco;indoor noite;bbox otsu;Ciro;1671.jpg
1;caneta;b;branco;indoor noite;bbox otsu;Ciro;1672.jpg
2;caneta;b;branco;indoor noite;bbox otsu;Ciro;1673.jpg
3;caneta;b;branco;indoor noite;bbox otsu;Ciro;1674.jpg
1;livro;b;branco;indoor noite;bbox otsu;Ciro;1675.jpg
2;livro;b;branco;indoor noite;bbox otsu;Ciro;1676.jpg
3;livro;b;branco;indoor noite;bbox otsu;Ciro;1677.jpg
1;caderno;b;branco;indoor noite;bbox otsu;Ciro;1678.jpg
2;caderno;b;branco;indoor noite;bbox otsu;Ciro;1679.jpg
3;caderno;b;branco;indoor noite;bbox otsu;Ciro;1680.jpg
1;garfo;c;branco;indoor noite;bbox otsu;Josilton;1681.jpg
2;garfo;c;branco;indoor noite;bbox otsu;Josilton;1682.jpg
3;garfo;c;branco;indoor noite;bbox otsu;Josilton;1683.jpg
1;faca;c;branco;indoor noite;bbox otsu;Josilton;1684.jpg
2;faca;c;branco;indoor noite;bbox otsu;Josilton;1685.jpg
3;faca;c;branco;indoor noite;bbox otsu;Josilton;1686.jpg
1;colher;c;branco;indoor noite;bbox otsu;Josilton;1687.jpg
2;colher;c;branco;indoor noite;bbox otsu;Josilton;1688.jpg
3;colher;c;branco;indoor noite;bbox otsu;Josilton;1689.jpg
1;copo;c;branco;indoor noite;bbox otsu;Josilton;1690.jpg
2;copo;c;branco;indoor noite;bbox otsu;Josilton;1691.jpg
3;copo;c;branco;indoor noite;bbox otsu;Josilton;1692.jpg
1;caneca;c;branco;indoor noite;bbox otsu;Josilton;1693.jpg
2;caneca;c;branco;indoor noite;bbox otsu;Josilton;1694.jpg
3;caneca;c;branco;indoor noite;bbox otsu;Josilton;1695.jpg
1;alicate;c;branco;indoor noite;bbox otsu;Ciro;1696.jpg
2;alicate;c;branco;indoor noite;bbox otsu;Ciro;1697.jpg
3;alicate;c;branco;indoor noite;bbox otsu;Ciro;1698.jpg
1;chave;c;branco;indoor noite;bbox otsu;Ciro;1699.jpg
2;chave;c;branco;indoor noite;bbox otsu;Ciro;1700.jpg
3;chave;c;branco;indoor noite;bbox otsu;Ciro;1701.jpg
1;caneta;c;branco;indoor noite;bbox otsu;Ciro;1702.jpg
2;caneta;c;branco;indoor noite;bbox otsu;Ciro;1703.jpg
3;caneta;c;branco;indoor noite;bbox otsu;Ciro;1704.jpg
1;livro;c;branco;indoor noite;bbox otsu;Ciro;1705.jpg
2;livro;c;branco;indoor noite;bbox otsu;Ciro;1706.jpg
3;livro;c;branco;indoor noite;bbox otsu;Ciro;1707.jpg
1;caderno;c;branco;indoor noite;bbox otsu;Ciro;1708.jpg
2;caderno;c;branco;indoor noite;bbox otsu;Ciro;1709.jpg
3;caderno;c;branco;indoor noite;bbox otsu;Ciro;1710.jpg
1;garfo;a;mickey;indoor noite;bbox otsu;Josilton;1711.jpg
2;garfo;a;mickey;indoor noite;bbox otsu;Josilton;1712.jpg
3;garfo;a;mickey;indoor noite;bbox otsu;Josilton;1713.jpg
1;faca;a;mickey;indoor noite;bbox otsu;Josilton;1714.jpg
2;faca;a;mickey;indoor noite;bbox otsu;Josilton;1715.jpg
3;faca;a;mickey;indoor noite;bbox otsu;Josilton;1716.jpg
1;colher;a;mickey;indoor noite;bbox otsu;Josilton;1717.jpg
2;colher;a;mickey;indoor noite;bbox otsu;Josilton;1718.jpg
3;colher;a;mickey;indoor noite;bbox otsu;Josilton;1719.jpg
1;copo;a;mickey;indoor noite;bbox otsu;Josilton;1720.jpg
2;copo;a;mickey;indoor noite;bbox otsu;Josilton;1721.jpg
3;copo;a;mickey;indoor noite;bbox otsu;Josilton;1722.jpg
1;caneca;a;mickey;indoor noite;bbox otsu;Josilton;1723.jpg
2;caneca;a;mickey;indoor noite;bbox otsu;Josilton;1724.jpg
3;caneca;a;mickey;indoor noite;bbox otsu;Josilton;1725.jpg
1;alicate;a;mickey;indoor noite;bbox otsu;Ciro;1726.jpg
2;alicate;a;mickey;indoor noite;bbox otsu;Ciro;1727.jpg
3;alicate;a;mickey;indoor noite;bbox otsu;Ciro;1728.jpg
1;chave;a;mickey;indoor noite;bbox otsu;Ciro;1729.jpg
2;chave;a;mickey;indoor noite;bbox otsu;Ciro;1730.jpg
3;chave;a;mickey;indoor noite;bbox otsu;Ciro;1731.jpg
1;caneta;a;mickey;indoor noite;bbox otsu;Ciro;1732.jpg
2;caneta;a;mickey;indoor noite;bbox otsu;Ciro;1733.jpg
3;caneta;a;mickey;indoor noite;bbox otsu;Ciro;1734.jpg
1;livro;a;mickey;indoor noite;bbox otsu;Ciro;1735.jpg
2;livro;a;mickey;indoor noite;bbox otsu;Ciro;1736.jpg
3;livro;a;mickey;indoor noite;bbox otsu;Ciro;1737.jpg
1;caderno;a;mickey;indoor noite;bbox otsu;Ciro;1738.jpg
2;caderno;a;mickey;indoor noite;bbox otsu;Ciro;1739.jpg
3;caderno;a;mickey;indoor noite;bbox otsu;Ciro;1740.jpg
1;garfo;b;mickey;indoor noite;bbox otsu;Josilton;1741.jpg
2;garfo;b;mickey;indoor noite;bbox otsu;Josilton;1742.jpg
3;garfo;b;mickey;indoor noite;bbox otsu;Josilton;1743.jpg
1;faca;b;mickey;indoor noite;bbox otsu;Josilton;1744.jpg
2;faca;b;mickey;indoor noite;bbox otsu;Josilton;1745.jpg
3;faca;b;mickey;indoor noite;bbox otsu;Josilton;1746.jpg
1;colher;b;mickey;indoor noite;bbox otsu;Josilton;1747.jpg
2;colher;b;mickey;indoor noite;bbox otsu;Josilton;1748.jpg
3;colher;b;mickey;indoor noite;bbox otsu;Josilton;1749.jpg
1;copo;b;mickey;indoor noite;bbox otsu;Josilton;1750.jpg
2;copo;b;mickey;indoor noite;bbox otsu;Josilton;1751.jpg
3;copo;b;mickey;indoor noite;bbox otsu;Josilton;1752.jpg
1;caneca;b;mickey;indoor noite;bbox otsu;Josilton;1753.jpg
2;caneca;b;mickey;indoor noite;bbox otsu;Josilton;1754.jpg
3;caneca;b;mickey;indoor noite;bbox otsu;Josilton;1755.jpg
1;alicate;b;mickey;indoor noite;bbox otsu;Ciro;1756.jpg
2;alicate;b;mickey;indoor noite;bbox otsu;Ciro;1757.jpg
3;alicate;b;mickey;indoor noite;bbox otsu;Ciro;1758.jpg
1;chave;b;mickey;indoor noite;bbox otsu;Ciro;1759.jpg
2;chave;b;mickey;indoor noite;bbox otsu;Ciro;1760.jpg
3;chave;b;mickey;indoor noite;bbox otsu;Ciro;1761.jpg
1;caneta;b;mickey;indoor noite;bbox otsu;Ciro;1762.jpg
2;caneta;b;mickey;indoor noite;bbox otsu;Ciro;1763.jpg
3;caneta;b;mickey;indoor noite;bbox otsu;Ciro;1764.jpg
1;livro;b;mickey;indoor noite;bbox otsu;Ciro;1765.jpg
2;livro;b;mickey;indoor noite;bbox otsu;Ciro;1766.jpg
3;livro;b;mickey;indoor noite;bbox otsu;Ciro;1767.jpg
1;caderno;b;mickey;indoor noite;bbox otsu;Ciro;1768.jpg
2;caderno;b;mickey;indoor noite;bbox otsu;Ciro;1769.jpg
3;caderno;b;mickey;indoor noite;bbox otsu;Ciro;1770.jpg
1;garfo;c;mickey;indoor noite;bbox otsu;Josilton;1771.jpg
2;garfo;c;mickey;indoor noite;bbox otsu;Josilton;1772.jpg
3;garfo;c;mickey;indoor noite;bbox otsu;Josilton;1773.jpg
1;faca;c;mickey;indoor noite;bbox otsu;Josilton;1774.jpg
2;faca;c;mickey;indoor noite;bbox otsu;Josilton;1775.jpg
3;faca;c;mickey;indoor noite;bbox otsu;Josilton;1776.jpg
1;colher;c;mickey;indoor noite;bbox otsu;Josilton;1777.jpg
2;colher;c;mickey;indoor noite;bbox otsu;Josilton;1778.jpg
3;colher;c;mickey;indoor noite;bbox otsu;Josilton;1779.jpg
1;copo;c;mickey;indoor noite;bbox otsu;Josilton;1780.jpg
2;copo;c;mickey;indoor noite;bbox otsu;Josilton;1781.jpg
3;copo;c;mickey;indoor noite;bbox otsu;Josilton;1782.jpg
1;caneca;c;mickey;indoor noite;bbox otsu;Josilton;1783.jpg
2;caneca;c;mickey;indoor noite;bbox otsu;Josilton;1784.jpg
3;caneca;c;mickey;indoor noite;bbox otsu;Josilton;1785.jpg
1;alicate;c;mickey;indoor noite;bbox otsu;Ciro;1786.jpg
2;alicate;c;mickey;indoor noite;bbox otsu;Ciro;1787.jpg
3;alicate;c;mickey;indoor noite;bbox otsu;Ciro;1788.jpg
1;chave;c;mickey;indoor noite;bbox otsu;Ciro;1789.jpg
2;chave;c;mickey;indoor noite;bbox otsu;Ciro;1790.jpg
3;chave;c;mickey;indoor noite;bbox otsu;Ciro;1791.jpg
1;caneta;c;mickey;indoor noite;bbox otsu;Ciro;1792.jpg
2;caneta;c;mickey;indoor noite;bbox otsu;Ciro;1793.jpg
3;caneta;c;mickey;indoor noite;bbox otsu;Ciro;1794.jpg
1;livro;c;mickey;indoor noite;bbox otsu;Ciro;1795.jpg
2;livro;c;mickey;indoor noite;bbox otsu;Ciro;1796.jpg
3;livro;c;mickey;indoor noite;bbox otsu;Ciro;1797.jpg
1;caderno;c;mickey;indoor noite;bbox otsu;Ciro;1798.jpg
2;caderno;c;mickey;indoor noite;bbox otsu;Ciro;1799.jpg
3;caderno;c;mickey;indoor noite;bbox otsu;Ciro;1800.jpg
1;garfo;a;xadrez;indoor noite;bbox otsu;Josilton;1801.jpg
2;garfo;a;xadrez;indoor noite;bbox otsu;Josilton;1802.jpg
3;garfo;a;xadrez;indoor noite;bbox otsu;Josilton;1803.jpg
1;faca;a;xadrez;indoor noite;bbox otsu;Josilton;1804.jpg
2;faca;a;xadrez;indoor noite;bbox otsu;Josilton;1805.jpg
3;faca;a;xadrez;indoor noite;bbox otsu;Josilton;1806.jpg
1;colher;a;xadrez;indoor noite;bbox otsu;Josilton;1807.jpg
2;colher;a;xadrez;indoor noite;bbox otsu;Josilton;1808.jpg
3;colher;a;xadrez;indoor noite;bbox otsu;Josilton;1809.jpg
1;copo;a;xadrez;indoor noite;bbox otsu;Josilton;1810.jpg
2;copo;a;xadrez;indoor noite;bbox otsu;Josilton;1811.jpg
3;copo;a;xadrez;indoor noite;bbox otsu;Josilton;1812.jpg
1;caneca;a;xadrez;indoor noite;bbox otsu;Josilton;1813.jpg
2;caneca;a;xadrez;indoor noite;bbox otsu;Josilton;1814.jpg
3;caneca;a;xadrez;indoor noite;bbox otsu;Josilton;1815.jpg
1;alicate;a;xadrez;indoor noite;bbox otsu;Ciro;1816.jpg
2;alicate;a;xadrez;indoor noite;bbox otsu;Ciro;1817.jpg
3;alicate;a;xadrez;indoor noite;bbox otsu;Ciro;1818.jpg
1;chave;a;xadrez;indoor noite;bbox otsu;Ciro;1819.jpg
2;chave;a;xadrez;indoor noite;bbox otsu;Ciro;1820.jpg
3;chave;a;xadrez;indoor noite;bbox otsu;Ciro;1821.jpg
1;caneta;a;xadrez;indoor noite;bbox otsu;Ciro;1822.jpg
2;caneta;a;xadrez;indoor noite;bbox otsu;Ciro;1823.jpg
3;caneta;a;xadrez;indoor noite;bbox otsu;Ciro;1824.jpg
1;livro;a;xadrez;indoor noite;bbox otsu;Ciro;1825.jpg
2;livro;a;xadrez;indoor noite;bbox otsu;Ciro;1826.jpg
3;livro;a;xadrez;indoor noite;bbox otsu;Ciro;1827.jpg
1;caderno;a;xadrez;indoor noite;bbox otsu;Ciro;1828.jpg
2;caderno;a;xadrez;indoor noite;bbox otsu;Ciro;1829.jpg
3;caderno;a;xadrez;indoor noite;bbox otsu;Ciro;1830.jpg
1;garfo;b;xadrez;indoor noite;bbox otsu;Josilton;1831.jpg
2;garfo;b;xadrez;indoor noite;bbox otsu;Josilton;1832.jpg
3;garfo;b;xadrez;indoor noite;bbox otsu;Josilton;1833.jpg
1;faca;b;xadrez;indoor noite;bbox otsu;Josilton;1834.jpg
2;faca;b;xadrez;indoor noite;bbox otsu;Josilton;1835.jpg
3;faca;b;xadrez;indoor noite;bbox otsu;Josilton;1836.jpg
1;colher;b;xadrez;indoor noite;bbox otsu;Josilton;1837.jpg
2;colher;b;xadrez;indoor noite;bbox otsu;Josilton;1838.jpg
3;colher;b;xadrez;indoor noite;bbox otsu;Josilton;1839.jpg
1;copo;b;xadrez;indoor noite;bbox otsu;Josilton;1840.jpg
2;copo;b;xadrez;indoor noite;bbox otsu;Josilton;1841.jpg
3;copo;b;xadrez;indoor noite;bbox otsu;Josilton;1842.jpg
1;caneca;b;xadrez;indoor noite;bbox otsu;Josilton;1843.jpg
2;caneca;b;xadrez;indoor noite;bbox otsu;Josilton;1844.jpg
3;caneca;b;xadrez;indoor noite;bbox otsu;Josilton;1845.jpg
1;alicate;b;xadrez;indoor noite;bbox otsu;Ciro;1846.jpg
2;alicate;b;xadrez;indoor noite;bbox otsu;Ciro;1847.jpg
3;alicate;b;xadrez;indoor noite;bbox otsu;Ciro;1848.jpg
1;chave;b;xadrez;indoor noite;bbox otsu;Ciro;1849.jpg
2;chave;b;xadrez;indoor noite;bbox otsu;Ciro;1850.jpg
3;chave;b;xadrez;indoor noite;bbox otsu;Ciro;1851.jpg
1;caneta;b;xadrez;indoor noite;bbox otsu;Ciro;1852.jpg
2;caneta;b;xadrez;indoor noite;bbox otsu;Ciro;1853.jpg
3;caneta;b;xadrez;indoor noite;bbox otsu;Ciro;1854.jpg
1;livro;b;xadrez;indoor noite;bbox otsu;Ciro;1855.jpg
2;livro;b;xadrez;indoor noite;bbox otsu;Ciro;1856.jpg
3;livro;b;xadrez;indoor noite;bbox otsu;Ciro;1857.jpg
1;caderno;b;xadrez;indoor noite;bbox otsu;Ciro;1858.jpg
2;caderno;b;xadrez;indoor noite;bbox otsu;Ciro;1859.jpg
3;caderno;b;xadrez;indoor noite;bbox otsu;Ciro;1860.jpg
1;garfo;c;xadrez;indoor noite;bbox otsu;Josilton;1861.jpg
2;garfo;c;xadrez;indoor noite;bbox otsu;Josilton;1862.jpg
3;garfo;c;xadrez;indoor noite;bbox otsu;Josilton;1863.jpg
1;faca;c;xadrez;indoor noite;bbox otsu;Josilton;1864.jpg
2;faca;c;xadrez;indoor noite;bbox otsu;Josilton;1865.jpg
3;faca;c;xadrez;indoor noite;bbox otsu;Josilton;1866.jpg
1;colher;c;xadrez;indoor noite;bbox otsu;Josilton;1867.jpg
2;colher;c;xadrez;indoor noite;bbox otsu;Josilton;1868.jpg
3;colher;c;xadrez;indoor noite;bbox otsu;Josilton;1869.jpg
1;copo;c;xadrez;indoor noite;bbox otsu;Josilton;1870.jpg
2;copo;c;xadrez;indoor noite;bbox otsu;Josilton;1871.jpg
3;copo;c;xadrez;indoor noite;bbox otsu;Josilton;1872.jpg
1;caneca;c;xadrez;indoor noite;bbox otsu;Josilton;1873.jpg
2;caneca;c;xadrez;indoor noite;bbox otsu;Josilton;1874.jpg
3;caneca;c;xadrez;indoor noite;bbox otsu;Josilton;1875.jpg
1;alicate;c;xadrez;indoor noite;bbox otsu;Ciro;1876.jpg
2;alicate;c;xadrez;indoor noite;bbox otsu;Ciro;1877.jpg
3;alicate;c;xadrez;indoor noite;bbox otsu;Ciro;1878.jpg
1;chave;c;xadrez;indoor noite;bbox otsu;Ciro;1879.jpg
2;chave;c;xadrez;indoor noite;bbox otsu;Ciro;1880.jpg
3;chave;c;xadrez;indoor noite;bbox otsu;Ciro;1881.jpg
1;caneta;c;xadrez;indoor noite;bbox otsu;Ciro;1882.jpg
2;caneta;c;xadrez;indoor noite;bbox otsu;Ciro;1883.jpg
3;caneta;c;xadrez;indoor noite;bbox otsu;Ciro;1884.jpg
1;livro;c;xadrez;indoor noite;bbox otsu;Ciro;1885.jpg
2;livro;c;xadrez;indoor noite;bbox otsu;Ciro;1886.jpg
3;livro;c;xadrez;indoor noite;bbox otsu;Ciro;1887.jpg
1;caderno;c;xadrez;indoor noite;bbox otsu;Ciro;1888.jpg
2;caderno;c;xadrez;indoor noite;bbox otsu;Ciro;1889.jpg
3;caderno;c;xadrez;indoor noite;bbox otsu;Ciro;1890.jpg
1;garfo;a;branco;outdoor noite;bbox otsu;Josilton;1891.jpg
2;garfo;a;branco;outdoor noite;bbox otsu;Josilton;1892.jpg
3;garfo;a;branco;outdoor noite;bbox otsu;Josilton;1893.jpg
1;faca;a;branco;outdoor noite;bbox otsu;Josilton;1894.jpg
2;faca;a;branco;outdoor noite;bbox otsu;Josilton;1895.jpg
3;faca;a;branco;outdoor noite;bbox otsu;Josilton;1896.jpg
1;colher;a;branco;outdoor noite;bbox otsu;Josilton;1897.jpg
2;colher;a;branco;outdoor noite;bbox otsu;Josilton;1898.jpg
3;colher;a;branco;outdoor noite;bbox otsu;Josilton;1899.jpg
1;copo;a;branco;outdoor noite;bbox otsu;Josilton;1900.jpg
2;copo;a;branco;outdoor noite;bbox otsu;Josilton;1901.jpg
3;copo;a;branco;outdoor noite;bbox otsu;Josilton;1902.jpg
1;caneca;a;branco;outdoor noite;bbox otsu;Josilton;1903.jpg
2;caneca;a;branco;outdoor noite;bbox otsu;Josilton;1904.jpg
3;caneca;a;branco;outdoor noite;bbox otsu;Josilton;1905.jpg
1;alicate;a;branco;outdoor noite;bbox otsu;Ciro;1906.jpg
2;alicate;a;branco;outdoor noite;bbox otsu;Ciro;1907.jpg
3;alicate;a;branco;outdoor noite;bbox otsu;Ciro;1908.jpg
1;chave;a;branco;outdoor noite;bbox otsu;Ciro;1909.jpg
2;chave;a;branco;outdoor noite;bbox otsu;Ciro;1910.jpg
3;chave;a;branco;outdoor noite;bbox otsu;Ciro;1911.jpg
1;caneta;a;branco;outdoor noite;bbox otsu;Ciro;1912.jpg
2;caneta;a;branco;outdoor noite;bbox otsu;Ciro;1913.jpg
3;caneta;a;branco;outdoor noite;bbox otsu;Ciro;1914.jpg
1;livro;a;branco;outdoor noite;bbox otsu;Ciro;1915.jpg
2;livro;a;branco;outdoor noite;bbox otsu;Ciro;1916.jpg
3;livro;a;branco;outdoor noite;bbox otsu;Ciro;1917.jpg
1;caderno;a;branco;outdoor noite;bbox otsu;Ciro;1918.jpg
2;caderno;a;branco;outdoor noite;bbox otsu;Ciro;1919.jpg
3;caderno;a;branco;outdoor noite;bbox otsu;Ciro;1920.jpg
1;garfo;b;branco;outdoor noite;bbox otsu;Josilton;1921.jpg
2;garfo;b;branco;outdoor noite;bbox otsu;Josilton;1922.jpg
3;garfo;b;branco;outdoor noite;bbox otsu;Josilton;1923.jpg
1;faca;b;branco;outdoor noite;bbox otsu;Josilton;1924.jpg
2;faca;b;branco;outdoor noite;bbox otsu;Josilton;1925.jpg
3;faca;b;branco;outdoor noite;bbox otsu;Josilton;1926.jpg
1;colher;b;branco;outdoor noite;bbox otsu;Josilton;1927.jpg
2;colher;b;branco;outdoor noite;bbox otsu;Josilton;1928.jpg
3;colher;b;branco;outdoor noite;bbox otsu;Josilton;1929.jpg
1;copo;b;branco;outdoor noite;bbox otsu;Josilton;1930.jpg
2;copo;b;branco;outdoor noite;bbox otsu;Josilton;1931.jpg
3;copo;b;branco;outdoor noite;bbox otsu;Josilton;1932.jpg
1;caneca;b;branco;outdoor noite;bbox otsu;Josilton;1933.jpg
2;caneca;b;branco;outdoor noite;bbox otsu;Josilton;1934.jpg
3;caneca;b;branco;outdoor noite;bbox otsu;Josilton;1935.jpg
1;alicate;b;branco;outdoor noite;bbox otsu;Ciro;1936.jpg
2;alicate;b;branco;outdoor noite;bbox otsu;Ciro;1937.jpg
3;alicate;b;branco;outdoor noite;bbox otsu;Ciro;1938.jpg
1;chave;b;branco;outdoor noite;bbox otsu;Ciro;1939.jpg
2;chave;b;branco;outdoor noite;bbox otsu;Ciro;1940.jpg
3;chave;b;branco;outdoor noite;bbox otsu;Ciro;1941.jpg
1;caneta;b;branco;outdoor noite;bbox otsu;Ciro;1942.jpg
2;caneta;b;branco;outdoor noite;bbox otsu;Ciro;1943.jpg
3;caneta;b;branco;outdoor noite;bbox otsu;Ciro;1944.jpg
1;livro;b;branco;outdoor noite;bbox otsu;Ciro;1945.jpg
2;livro;b;branco;outdoor noite;bbox otsu;Ciro;1946.jpg
3;livro;b;branco;outdoor noite;bbox otsu;Ciro;1947.jpg
1;caderno;b;branco;outdoor noite;bbox otsu;Ciro;1948.jpg
2;caderno;b;branco;outdoor noite;bbox otsu;Ciro;1949.jpg
3;caderno;b;branco;outdoor noite;bbox otsu;Ciro;1950.jpg
1;garfo;c;branco;outdoor noite;bbox otsu;Josilton;1951.jpg
2;garfo;c;branco;outdoor noite;bbox otsu;Josilton;1952.jpg
3;garfo;c;branco;outdoor noite;bbox otsu;Josilton;1953.jpg
1;faca;c;branco;outdoor noite;bbox otsu;Josilton;1954.jpg
2;faca;c;branco;outdoor noite;bbox otsu;Josilton;1955.jpg
3;faca;c;branco;outdoor noite;bbox otsu;Josilton;1956.jpg
1;colher;c;branco;outdoor noite;bbox otsu;Josilton;1957.jpg
2;colher;c;branco;outdoor noite;bbox otsu;Josilton;1958.jpg
3;colher;c;branco;outdoor noite;bbox otsu;Josilton;1959.jpg
1;copo;c;branco;outdoor noite;bbox otsu;Josilton;1960.jpg
2;copo;c;branco;outdoor noite;bbox otsu;Josilton;1961.jpg
3;copo;c;branco;outdoor noite;bbox otsu;Josilton;1962.jpg
1;caneca;c;branco;outdoor noite;bbox otsu;Josilton;1963.jpg
2;caneca;c;branco;outdoor noite;bbox otsu;Josilton;1964.jpg
3;caneca;c;branco;outdoor noite;bbox otsu;Josilton;1965.jpg
1;alicate;c;branco;outdoor noite;bbox otsu;Ciro;1966.jpg
2;alicate;c;branco;outdoor noite;bbox otsu;Ciro;1967.jpg
3;alicate;c;branco;outdoor noite;bbox otsu;Ciro;1968.jpg
1;chave;c;branco;outdoor noite;bbox otsu;Ciro;1969.jpg
2;chave;c;branco;outdoor noite;bbox otsu;Ciro;1970.jpg
3;chave;c;branco;outdoor noite;bbox otsu;Ciro;1971.jpg
1;caneta;c;branco;outdoor noite;bbox otsu;Ciro;1972.jpg
2;caneta;c;branco;outdoor noite;bbox otsu;Ciro;1973.jpg
3;caneta;c;branco;outdoor noite;bbox otsu;Ciro;1974.jpg
1;livro;c;branco;outdoor noite;bbox otsu;Ciro;1975.jpg
2;livro;c;branco;outdoor noite;bbox otsu;Ciro;1976.jpg
3;livro;c;branco;outdoor noite;bbox otsu;Ciro;1977.jpg
1;caderno;c;branco;outdoor noite;bbox otsu;Ciro;1978.jpg
2;caderno;c;branco;outdoor noite;bbox otsu;Ciro;1979.jpg
3;caderno;c;branco;outdoor noite;bbox otsu;Ciro;1980.jpg
1;garfo;a;mickey;outdoor noite;bbox otsu;Josilton;1981.jpg
2;garfo;a;mickey;outdoor noite;bbox otsu;Josilton;1982.jpg
3;garfo;a;mickey;outdoor noite;bbox otsu;Josilton;1983.jpg
1;faca;a;mickey;outdoor noite;bbox otsu;Josilton;1984.jpg
2;faca;a;mickey;outdoor noite;bbox otsu;Josilton;1985.jpg
3;faca;a;mickey;outdoor noite;bbox otsu;Josilton;1986.jpg
1;colher;a;mickey;outdoor noite;bbox otsu;Josilton;1987.jpg
2;colher;a;mickey;outdoor noite;bbox otsu;Josilton;1988.jpg
3;colher;a;mickey;outdoor noite;bbox otsu;Josilton;1989.jpg
1;copo;a;mickey;outdoor noite;bbox otsu;Josilton;1990.jpg
2;copo;a;mickey;outdoor noite;bbox otsu;Josilton;1991.jpg
3;copo;a;mickey;outdoor noite;bbox otsu;Josilton;1992.jpg
1;caneca;a;mickey;outdoor noite;bbox otsu;Josilton;1993.jpg
2;caneca;a;mickey;outdoor noite;bbox otsu;Josilton;1994.jpg
3;caneca;a;mickey;outdoor noite;bbox otsu;Josilton;1995.jpg
1;alicate;a;mickey;outdoor noite;bbox otsu;Ciro;1996.jpg
2;alicate;a;mickey;outdoor noite;bbox otsu;Ciro;1997.jpg
3;alicate;a;mickey;outdoor noite;bbox otsu;Ciro;1998.jpg
1;chave;a;mickey;outdoor noite;bbox otsu;Ciro;1999.jpg
2;chave;a;mickey;outdoor noite;bbox otsu;Ciro;2000.jpg
3;chave;a;mickey;outdoor noite;bbox otsu;Ciro;2001.jpg
1;caneta;a;mickey;outdoor noite;bbox otsu;Ciro;2002.jpg
2;caneta;a;mickey;outdoor noite;bbox otsu;Ciro;2003.jpg
3;caneta;a;mickey;outdoor noite;bbox otsu;Ciro;2004.jpg
1;livro;a;mickey;outdoor noite;bbox otsu;Ciro;2005.jpg
2;livro;a;mickey;outdoor noite;bbox otsu;Ciro;2006.jpg
3;livro;a;mickey;outdoor noite;bbox otsu;Ciro;2007.jpg
1;caderno;a;mickey;outdoor noite;bbox otsu;Ciro;2008.jpg
2;caderno;a;mickey;outdoor noite;bbox otsu;Ciro;2009.jpg
3;caderno;a;mickey;outdoor noite;bbox otsu;Ciro;2010.jpg
1;garfo;b;mickey;outdoor noite;bbox otsu;Josilton;2011.jpg
2;garfo;b;mickey;outdoor noite;bbox otsu;Josilton;2012.jpg
3;garfo;b;mickey;outdoor noite;bbox otsu;Josilton;2013.jpg
1;faca;b;mickey;outdoor noite;bbox otsu;Josilton;2014.jpg
2;faca;b;mickey;outdoor noite;bbox otsu;Josilton;2015.jpg
3;faca;b;mickey;outdoor noite;bbox otsu;Josilton;2016.jpg
1;colher;b;mickey;outdoor noite;bbox otsu;Josilton;2017.jpg
2;colher;b;mickey;outdoor noite;bbox otsu;Josilton;2018.jpg
3;colher;b;mickey;outdoor noite;bbox otsu;Josilton;2019.jpg
1;copo;b;mickey;outdoor noite;bbox otsu;Josilton;2020.jpg
2;copo;b;mickey;outdoor noite;bbox otsu;Josilton;2021.jpg
3;copo;b;mickey;outdoor noite;bbox otsu;Josilton;2022.jpg
1;caneca;b;mickey;outdoor noite;bbox otsu;Josilton;2023.jpg
2;caneca;b;mickey;outdoor noite;bbox otsu;Josilton;2024.jpg
3;caneca;b;mickey;outdoor noite;bbox otsu;Josilton;2025.jpg
1;alicate;b;mickey;outdoor noite;bbox otsu;Ciro;2026.jpg
2;alicate;b;mickey;outdoor noite;bbox otsu;Ciro;2027.jpg
3;alicate;b;mickey;outdoor noite;bbox otsu;Ciro;2028.jpg
1;chave;b;mickey;outdoor noite;bbox otsu;Ciro;2029.jpg
2;chave;b;mickey;outdoor noite;bbox otsu;Ciro;2030.jpg
3;chave;b;mickey;outdoor noite;bbox otsu;Ciro;2031.jpg
1;caneta;b;mickey;outdoor noite;bbox otsu;Ciro;2032.jpg
2;caneta;b;mickey;outdoor noite;bbox otsu;Ciro;2033.jpg
3;caneta;b;mickey;outdoor noite;bbox otsu;Ciro;2034.jpg
1;livro;b;mickey;outdoor noite;bbox otsu;Ciro;2035.jpg
2;livro;b;mickey;outdoor noite;bbox otsu;Ciro;2036.jpg
3;livro;b;mickey;outdoor noite;bbox otsu;Ciro;2037.jpg
1;caderno;b;mickey;outdoor noite;bbox otsu;Ciro;2038.jpg
2;caderno;b;mickey;outdoor noite;bbox otsu;Ciro;2039.jpg
3;caderno;b;mickey;outdoor noite;bbox otsu;Ciro;2040.jpg
1;garfo;c;mickey;outdoor noite;bbox otsu;Josilton;2041.jpg
2;garfo;c;mickey;outdoor noite;bbox otsu;Josilton;2042.jpg
3;garfo;c;mickey;outdoor noite;bbox otsu;Josilton;2043.jpg
1;faca;c;mickey;outdoor noite;bbox otsu;Josilton;2044.jpg
2;faca;c;mickey;outdoor noite;bbox otsu;Josilton;2045.jpg
3;faca;c;mickey;outdoor noite;bbox otsu;Josilton;2046.jpg
1;colher;c;mickey;outdoor noite;bbox otsu;Josilton;2047.jpg
2;colher;c;mickey;outdoor noite;bbox otsu;Josilton;2048.jpg
3;colher;c;mickey;outdoor noite;bbox otsu;Josilton;2049.jpg
1;copo;c;mickey;outdoor noite;bbox otsu;Josilton;2050.jpg
2;copo;c;mickey;outdoor noite;bbox otsu;Josilton;2051.jpg
3;copo;c;mickey;outdoor noite;bbox otsu;Josilton;2052.jpg
1;caneca;c;mickey;outdoor noite;bbox otsu;Josilton;2053.jpg
2;caneca;c;mickey;outdoor noite;bbox otsu;Josilton;2054.jpg
3;caneca;c;mickey;outdoor noite;bbox otsu;Josilton;2055.jpg
1;alicate;c;mickey;outdoor noite;bbox otsu;Ciro;2056.jpg
2;alicate;c;mickey;outdoor noite;bbox otsu;Ciro;2057.jpg
3;alicate;c;mickey;outdoor noite;bbox otsu;Ciro;2058.jpg
1;chave;c;mickey;outdoor noite;bbox otsu;Ciro;2059.jpg
2;chave;c;mickey;outdoor noite;bbox otsu;Ciro;2060.jpg
3;chave;c;mickey;outdoor noite;bbox otsu;Ciro;2061.jpg
1;caneta;c;mickey;outdoor noite;bbox otsu;Ciro;2062.jpg
2;caneta;c;mickey;outdoor noite;bbox otsu;Ciro;2063.jpg
3;caneta;c;mickey;outdoor noite;bbox otsu;Ciro;2064.jpg
1;livro;c;mickey;outdoor noite;bbox otsu;Ciro;2065.jpg
2;livro;c;mickey;outdoor noite;bbox otsu;Ciro;2066.jpg
3;livro;c;mickey;outdoor noite;bbox otsu;Ciro;2067.jpg
1;caderno;c;mickey;outdoor noite;bbox otsu;Ciro;2068.jpg
2;caderno;c;mickey;outdoor noite;bbox otsu;Ciro;2069.jpg
3;caderno;c;mickey;outdoor noite;bbox otsu;Ciro;2070.jpg
1;garfo;a;xadrez;outdoor noite;bbox otsu;Josilton;2071.jpg
2;garfo;a;xadrez;outdoor noite;bbox otsu;Josilton;2072.jpg
3;garfo;a;xadrez;outdoor noite;bbox otsu;Josilton;2073.jpg
1;faca;a;xadrez;outdoor noite;bbox otsu;Josilton;2074.jpg
2;faca;a;xadrez;outdoor noite;bbox otsu;Josilton;2075.jpg
3;faca;a;xadrez;outdoor noite;bbox otsu;Josilton;2076.jpg
1;colher;a;xadrez;outdoor noite;bbox otsu;Josilton;2077.jpg
2;colher;a;xadrez;outdoor noite;bbox otsu;Josilton;2078.jpg
3;colher;a;xadrez;outdoor noite;bbox otsu;Josilton;2079.jpg
1;copo;a;xadrez;outdoor noite;bbox otsu;Josilton;2080.jpg
2;copo;a;xadrez;outdoor noite;bbox otsu;Josilton;2081.jpg
3;copo;a;xadrez;outdoor noite;bbox otsu;Josilton;2082.jpg
1;caneca;a;xadrez;outdoor noite;bbox otsu;Josilton;2083.jpg
2;caneca;a;xadrez;outdoor noite;bbox otsu;Josilton;2084.jpg
3;caneca;a;xadrez;outdoor noite;bbox otsu;Josilton;2085.jpg
1;alicate;a;xadrez;outdoor noite;bbox otsu;Ciro;2086.jpg
2;alicate;a;xadrez;outdoor noite;bbox otsu;Ciro;2087.jpg
3;alicate;a;xadrez;outdoor noite;bbox otsu;Ciro;2088.jpg
1;chave;a;xadrez;outdoor noite;bbox otsu;Ciro;2089.jpg
2;chave;a;xadrez;outdoor noite;bbox otsu;Ciro;2090.jpg
3;chave;a;xadrez;outdoor noite;bbox otsu;Ciro;2091.jpg
1;caneta;a;xadrez;outdoor noite;bbox otsu;Ciro;2092.jpg
2;caneta;a;xadrez;outdoor noite;bbox otsu;Ciro;2093.jpg
3;caneta;a;xadrez;outdoor noite;bbox otsu;Ciro;2094.jpg
1;livro;a;xadrez;outdoor noite;bbox otsu;Ciro;2095.jpg
2;livro;a;xadrez;outdoor noite;bbox otsu;Ciro;2096.jpg
3;livro;a;xadrez;outdoor noite;bbox otsu;Ciro;2097.jpg
1;caderno;a;xadrez;outdoor noite;bbox otsu;Ciro;2098.jpg
2;caderno;a;xadrez;outdoor noite;bbox otsu;Ciro;2099.jpg
3;caderno;a;xadrez;outdoor noite;bbox otsu;Ciro;2100.jpg
1;garfo;b;xadrez;outdoor noite;bbox otsu;Josilton;2101.jpg
2;garfo;b;xadrez;outdoor noite;bbox otsu;Josilton;2102.jpg
3;garfo;b;xadrez;outdoor noite;bbox otsu;Josilton;2103.jpg
1;faca;b;xadrez;outdoor noite;bbox otsu;Josilton;2104.jpg
2;faca;b;xadrez;outdoor noite;bbox otsu;Josilton;2105.jpg
3;faca;b;xadrez;outdoor noite;bbox otsu;Josilton;2106.jpg
1;colher;b;xadrez;outdoor noite;bbox otsu;Josilton;2107.jpg
2;colher;b;xadrez;outdoor noite;bbox otsu;Josilton;2108.jpg
3;colher;b;xadrez;outdoor noite;bbox otsu;Josilton;2109.jpg
1;copo;b;xadrez;outdoor noite;bbox otsu;Josilton;2110.jpg
2;copo;b;xadrez;outdoor noite;bbox otsu;Josilton;2111.jpg
3;copo;b;xadrez;outdoor noite;bbox otsu;Josilton;2112.jpg
1;caneca;b;xadrez;outdoor noite;bbox otsu;Josilton;2113.jpg
2;caneca;b;xadrez;outdoor noite;bbox otsu;Josilton;2114.jpg
3;caneca;b;xadrez;outdoor noite;bbox otsu;Josilton;2115.jpg
1;alicate;b;xadrez;outdoor noite;bbox otsu;Ciro;2116.jpg
2;alicate;b;xadrez;outdoor noite;bbox otsu;Ciro;2117.jpg
3;alicate;b;xadrez;outdoor noite;bbox otsu;Ciro;2118.jpg
1;chave;b;xadrez;outdoor noite;bbox otsu;Ciro;2119.jpg
2;chave;b;xadrez;outdoor noite;bbox otsu;Ciro;2120.jpg
3;chave;b;xadrez;outdoor noite;bbox otsu;Ciro;2121.jpg
1;caneta;b;xadrez;outdoor noite;bbox otsu;Ciro;2122.jpg
2;caneta;b;xadrez;outdoor noite;bbox otsu;Ciro;2123.jpg
3;caneta;b;xadrez;outdoor noite;bbox otsu;Ciro;2124.jpg
1;livro;b;xadrez;outdoor noite;bbox otsu;Ciro;2125.jpg
2;livro;b;xadrez;outdoor noite;bbox otsu;Ciro;2126.jpg
3;livro;b;xadrez;outdoor noite;bbox otsu;Ciro;2127.jpg
1;caderno;b;xadrez;outdoor noite;bbox otsu;Ciro;2128.jpg
2;caderno;b;xadrez;outdoor noite;bbox otsu;Ciro;2129.jpg
3;caderno;b;xadrez;outdoor noite;bbox otsu;Ciro;2130.jpg
1;garfo;c;xadrez;outdoor noite;bbox otsu;Josilton;2131.jpg
2;garfo;c;xadrez;outdoor noite;bbox otsu;Josilton;2132.jpg
3;garfo;c;xadrez;outdoor noite;bbox otsu;Josilton;2133.jpg
1;faca;c;xadrez;outdoor noite;bbox otsu;Josilton;2134.jpg
2;faca;c;xadrez;outdoor noite;bbox otsu;Josilton;2135.jpg
3;faca;c;xadrez;outdoor noite;bbox otsu;Josilton;2136.jpg
1;colher;c;xadrez;outdoor noite;bbox otsu;Josilton;2137.jpg
2;colher;c;xadrez;outdoor noite;bbox otsu;Josilton;2138.jpg
3;colher;c;xadrez;outdoor noite;bbox otsu;Josilton;2139.jpg
1;copo;c;xadrez;outdoor noite;bbox otsu;Josilton;2140.jpg
2;copo;c;xadrez;outdoor noite;bbox otsu;Josilton;2141.jpg
3;copo;c;xadrez;outdoor noite;bbox otsu;Josilton;2142.jpg
1;caneca;c;xadrez;outdoor noite;bbox otsu;Josilton;2143.jpg
2;caneca;c;xadrez;outdoor noite;bbox otsu;Josilton;2144.jpg
3;caneca;c;xadrez;outdoor noite;bbox otsu;Josilton;2145.jpg
1;alicate;c;xadrez;outdoor noite;bbox otsu;Ciro;2146.jpg
2;alicate;c;xadrez;outdoor noite;bbox otsu;Ciro;2147.jpg
3;alicate;c;xadrez;outdoor noite;bbox otsu;Ciro;2148.jpg
1;chave;c;xadrez;outdoor noite;bbox otsu;Ciro;2149.jpg
2;chave;c;xadrez;outdoor noite;bbox otsu;Ciro;2150.jpg
3;chave;c;xadrez;outdoor noite;bbox otsu;Ciro;2151.jpg
1;caneta;c;xadrez;outdoor noite;bbox otsu;Ciro;2152.jpg
2;caneta;c;xadrez;outdoor noite;bbox otsu;Ciro;2153.jpg
3;caneta;c;xadrez;outdoor noite;bbox otsu;Ciro;2154.jpg
1;livro;c;xadrez;outdoor noite;bbox otsu;Ciro;2155.jpg
2;livro;c;xadrez;outdoor noite;bbox otsu;Ciro;2156.jpg
3;livro;c;xadrez;outdoor noite;bbox otsu;Ciro;2157.jpg
1;caderno;c;xadrez;outdoor noite;bbox otsu;Ciro;2158.jpg
2;caderno;c;xadrez;outdoor noite;bbox otsu;Ciro;2159.jpg
3;caderno;c;xadrez;outdoor noite;bbox otsu;Ciro;2160.jpg
