sequencia;objeto;tipo_obj;fundo;iluminação;responsavel;arquivo
1;garfo;a;branco;indoor dia;Josilton;1 .jpg
2;garfo;a;branco;indoor dia;Josilton;2 .jpg
3;garfo;a;branco;indoor dia;Josilton;3 .jpg
1;faca;a;branco;indoor dia;Josilton;4 .jpg
2;faca;a;branco;indoor dia;Josilton;5 .jpg
3;faca;a;branco;indoor dia;Josilton;6 .jpg
1;colher;a;branco;indoor dia;Josilton;7 .jpg
2;colher;a;branco;indoor dia;Josilton;8 .jpg
3;colher;a;branco;indoor dia;Josilton;9 .jpg
1;copo;a;branco;indoor dia;Josilton;10 .jpg
2;copo;a;branco;indoor dia;Josilton;11 .jpg
3;copo;a;branco;indoor dia;Josilton;12 .jpg
1;caneca;a;branco;indoor dia;Josilton;13 .jpg
2;caneca;a;branco;indoor dia;Josilton;14 .jpg
3;caneca;a;branco;indoor dia;Josilton;15 .jpg
1;alicate;a;branco;indoor dia;Ciro;16 .jpg
2;alicate;a;branco;indoor dia;Ciro;17 .jpg
3;alicate;a;branco;indoor dia;Ciro;18 .jpg
1;chave;a;branco;indoor dia;Ciro;19 .jpg
2;chave;a;branco;indoor dia;Ciro;20 .jpg
3;chave;a;branco;indoor dia;Ciro;21 .jpg
1;caneta;a;branco;indoor dia;Ciro;22 .jpg
2;caneta;a;branco;indoor dia;Ciro;23 .jpg
3;caneta;a;branco;indoor dia;Ciro;24 .jpg
1;livro;a;branco;indoor dia;Ciro;25 .jpg
2;livro;a;branco;indoor dia;Ciro;26 .jpg
3;livro;a;branco;indoor dia;Ciro;27 .jpg
1;caderno;a;branco;indoor dia;Ciro;28 .jpg
2;caderno;a;branco;indoor dia;Ciro;29 .jpg
3;caderno;a;branco;indoor dia;Ciro;30 .jpg
1;garfo;b;branco;indoor dia;Josilton;31 .jpg
2;garfo;b;branco;indoor dia;Josilton;32 .jpg
3;garfo;b;branco;indoor dia;Josilton;33 .jpg
1;faca;b;branco;indoor dia;Josilton;34 .jpg
2;faca;b;branco;indoor dia;Josilton;35 .jpg
3;faca;b;branco;indoor dia;Josilton;36 .jpg
1;colher;b;branco;indoor dia;Josilton;37 .jpg
2;colher;b;branco;indoor dia;Josilton;38 .jpg
3;colher;b;branco;indoor dia;Josilton;39 .jpg
1;copo;b;branco;indoor dia;Josilton;40 .jpg
2;copo;b;branco;indoor dia;Josilton;41 .jpg
3;copo;b;branco;indoor dia;Josilton;42 .jpg
1;caneca;b;branco;indoor dia;Josilton;43 .jpg
2;caneca;b;branco;indoor dia;Josilton;44 .jpg
3;caneca;b;branco;indoor dia;Josilton;45 .jpg
1;alicate;b;branco;indoor dia;Ciro;46 .jpg
2;alicate;b;branco;indoor dia;Ciro;47 .jpg
3;alicate;b;branco;indoor dia;Ciro;48 .jpg
1;chave;b;branco;indoor dia;Ciro;49 .jpg
2;chave;b;branco;indoor dia;Ciro;50 .jpg
3;chave;b;branco;indoor dia;Ciro;51 .jpg
1;caneta;b;branco;indoor dia;Ciro;52 .jpg
2;caneta;b;branco;indoor dia;Ciro;53 .jpg
3;caneta;b;branco;indoor dia;Ciro;54 .jpg
1;livro;b;branco;indoor dia;Ciro;55 .jpg
2;livro;b;branco;indoor dia;Ciro;56 .jpg
3;livro;b;branco;indoor dia;Ciro;57 .jpg
1;caderno;b;branco;indoor dia;Ciro;58 .jpg
2;caderno;b;branco;indoor dia;Ciro;59 .jpg
3;caderno;b;branco;indoor dia;Ciro;60 .jpg
1;garfo;c;branco;indoor dia;Josilton;61 .jpg
2;garfo;c;branco;indoor dia;Josilton;62 .jpg
3;garfo;c;branco;indoor dia;Josilton;63 .jpg
1;faca;c;branco;indoor dia;Josilton;64 .jpg
2;faca;c;branco;indoor dia;Josilton;65 .jpg
3;faca;c;branco;indoor dia;Josilton;66 .jpg
1;colher;c;branco;indoor dia;Josilton;67 .jpg
2;colher;c;branco;indoor dia;Josilton;68 .jpg
3;colher;c;branco;indoor dia;Josilton;69 .jpg
1;copo;c;branco;indoor dia;Josilton;70 .jpg
2;copo;c;branco;indoor dia;Josilton;71 .jpg
3;copo;c;branco;indoor dia;Josilton;72 .jpg
1;caneca;c;branco;indoor dia;Josilton;73 .jpg
2;caneca;c;branco;indoor dia;Josilton;74 .jpg
3;caneca;c;branco;indoor dia;Josilton;75 .jpg
1;alicate;c;branco;indoor dia;Ciro;76 .jpg
2;alicate;c;branco;indoor dia;Ciro;77 .jpg
3;alicate;c;branco;indoor dia;Ciro;78 .jpg
1;chave;c;branco;indoor dia;Ciro;79 .jpg
2;chave;c;branco;indoor dia;Ciro;80 .jpg
3;chave;c;branco;indoor dia;Ciro;81 .jpg
1;caneta;c;branco;indoor dia;Ciro;82 .jpg
2;caneta;c;branco;indoor dia;Ciro;83 .jpg
3;caneta;c;branco;indoor dia;Ciro;84 .jpg
1;livro;c;branco;indoor dia;Ciro;85 .jpg
2;livro;c;branco;indoor dia;Ciro;86 .jpg
3;livro;c;branco;indoor dia;Ciro;87 .jpg
1;caderno;c;branco;indoor dia;Ciro;88 .jpg
2;caderno;c;branco;indoor dia;Ciro;89 .jpg
3;caderno;c;branco;indoor dia;Ciro;90 .jpg
1;garfo;a;mickey;indoor dia;Josilton;91 .jpg
2;garfo;a;mickey;indoor dia;Josilton;92 .jpg
3;garfo;a;mickey;indoor dia;Josilton;93 .jpg
1;faca;a;mickey;indoor dia;Josilton;94 .jpg
2;faca;a;mickey;indoor dia;Josilton;95 .jpg
3;faca;a;mickey;indoor dia;Josilton;96 .jpg
1;colher;a;mickey;indoor dia;Josilton;97 .jpg
2;colher;a;mickey;indoor dia;Josilton;98 .jpg
3;colher;a;mickey;indoor dia;Josilton;99 .jpg
1;copo;a;mickey;indoor dia;Josilton;100 .jpg
2;copo;a;mickey;indoor dia;Josilton;101 .jpg
3;copo;a;mickey;indoor dia;Josilton;102 .jpg
1;caneca;a;mickey;indoor dia;Josilton;103 .jpg
2;caneca;a;mickey;indoor dia;Josilton;104 .jpg
3;caneca;a;mickey;indoor dia;Josilton;105 .jpg
1;alicate;a;mickey;indoor dia;Ciro;106 .jpg
2;alicate;a;mickey;indoor dia;Ciro;107 .jpg
3;alicate;a;mickey;indoor dia;Ciro;108 .jpg
1;chave;a;mickey;indoor dia;Ciro;109 .jpg
2;chave;a;mickey;indoor dia;Ciro;110 .jpg
3;chave;a;mickey;indoor dia;Ciro;111 .jpg
1;caneta;a;mickey;indoor dia;Ciro;112 .jpg
2;caneta;a;mickey;indoor dia;Ciro;113 .jpg
3;caneta;a;mickey;indoor dia;Ciro;114 .jpg
1;livro;a;mickey;indoor dia;Ciro;115 .jpg
2;livro;a;mickey;indoor dia;Ciro;116 .jpg
3;livro;a;mickey;indoor dia;Ciro;117 .jpg
1;caderno;a;mickey;indoor dia;Ciro;118 .jpg
2;caderno;a;mickey;indoor dia;Ciro;119 .jpg
3;caderno;a;mickey;indoor dia;Ciro;120 .jpg
1;garfo;b;mickey;indoor dia;Josilton;121 .jpg
2;garfo;b;mickey;indoor dia;Josilton;122 .jpg
3;garfo;b;mickey;indoor dia;Josilton;123 .jpg
1;faca;b;mickey;indoor dia;Josilton;124 .jpg
2;faca;b;mickey;indoor dia;Josilton;125 .jpg
3;faca;b;mickey;indoor dia;Josilton;126 .jpg
1;colher;b;mickey;indoor dia;Josilton;127 .jpg
2;colher;b;mickey;indoor dia;Josilton;128 .jpg
3;colher;b;mickey;indoor dia;Josilton;129 .jpg
1;copo;b;mickey;indoor dia;Josilton;130 .jpg
2;copo;b;mickey;indoor dia;Josilton;131 .jpg
3;copo;b;mickey;indoor dia;Josilton;132 .jpg
1;caneca;b;mickey;indoor dia;Josilton;133 .jpg
2;caneca;b;mickey;indoor dia;Josilton;134 .jpg
3;caneca;b;mickey;indoor dia;Josilton;135 .jpg
1;alicate;b;mickey;indoor dia;Ciro;136 .jpg
2;alicate;b;mickey;indoor dia;Ciro;137 .jpg
3;alicate;b;mickey;indoor dia;Ciro;138 .jpg
1;chave;b;mickey;indoor dia;Ciro;139 .jpg
2;chave;b;mickey;indoor dia;Ciro;140 .jpg
3;chave;b;mickey;indoor dia;Ciro;141 .jpg
1;caneta;b;mickey;indoor dia;Ciro;142 .jpg
2;caneta;b;mickey;indoor dia;Ciro;143 .jpg
3;caneta;b;mickey;indoor dia;Ciro;144 .jpg
1;livro;b;mickey;indoor dia;Ciro;145 .jpg
2;livro;b;mickey;indoor dia;Ciro;146 .jpg
3;livro;b;mickey;indoor dia;Ciro;147 .jpg
1;caderno;b;mickey;indoor dia;Ciro;148 .jpg
2;caderno;b;mickey;indoor dia;Ciro;149 .jpg
3;caderno;b;mickey;indoor dia;Ciro;150 .jpg
1;garfo;c;mickey;indoor dia;Josilton;151 .jpg
2;garfo;c;mickey;indoor dia;Josilton;152 .jpg
3;garfo;c;mickey;indoor dia;Josilton;153 .jpg
1;faca;c;mickey;indoor dia;Josilton;154 .jpg
2;faca;c;mickey;indoor dia;Josilton;155 .jpg
3;faca;c;mickey;indoor dia;Josilton;156 .jpg
1;colher;c;mickey;indoor dia;Josilton;157 .jpg
2;colher;c;mickey;indoor dia;Josilton;158 .jpg
3;colher;c;mickey;indoor dia;Josilton;159 .jpg
1;copo;c;mickey;indoor dia;Josilton;160 .jpg
2;copo;c;mickey;indoor dia;Josilton;161 .jpg
3;copo;c;mickey;indoor dia;Josilton;162 .jpg
1;caneca;c;mickey;indoor dia;Josilton;163 .jpg
2;caneca;c;mickey;indoor dia;Josilton;164 .jpg
3;caneca;c;mickey;indoor dia;Josilton;165 .jpg
1;alicate;c;mickey;indoor dia;Ciro;166 .jpg
2;alicate;c;mickey;indoor dia;Ciro;167 .jpg
3;alicate;c;mickey;indoor dia;Ciro;168 .jpg
1;chave;c;mickey;indoor dia;Ciro;169 .jpg
2;chave;c;mickey;indoor dia;Ciro;170 .jpg
3;chave;c;mickey;indoor dia;Ciro;171 .jpg
1;caneta;c;mickey;indoor dia;Ciro;172 .jpg
2;caneta;c;mickey;indoor dia;Ciro;173 .jpg
3;caneta;c;mickey;indoor dia;Ciro;174 .jpg
1;livro;c;mickey;indoor dia;Ciro;175 .jpg
2;livro;c;mickey;indoor dia;Ciro;176 .jpg
3;livro;c;mickey;indoor dia;Ciro;177 .jpg
1;caderno;c;mickey;indoor dia;Ciro;178 .jpg
2;caderno;c;mickey;indoor dia;Ciro;179 .jpg
3;caderno;c;mickey;indoor dia;Ciro;180 .jpg
1;garfo;a;xadrez;indoor dia;Josilton;181 .jpg
2;garfo;a;xadrez;indoor dia;Josilton;182 .jpg
3;garfo;a;xadrez;indoor dia;Josilton;183 .jpg
1;faca;a;xadrez;indoor dia;Josilton;184 .jpg
2;faca;a;xadrez;indoor dia;Josilton;185 .jpg
3;faca;a;xadrez;indoor dia;Josilton;186 .jpg
1;colher;a;xadrez;indoor dia;Josilton;187 .jpg
2;colher;a;xadrez;indoor dia;Josilton;188 .jpg
3;colher;a;xadrez;indoor dia;Josilton;189 .jpg
1;copo;a;xadrez;indoor dia;Josilton;190 .jpg
2;copo;a;xadrez;indoor dia;Josilton;191 .jpg
3;copo;a;xadrez;indoor dia;Josilton;192 .jpg
1;caneca;a;xadrez;indoor dia;Josilton;193 .jpg
2;caneca;a;xadrez;indoor dia;Josilton;194 .jpg
3;caneca;a;xadrez;indoor dia;Josilton;195 .jpg
1;alicate;a;xadrez;indoor dia;Ciro;196 .jpg
2;alicate;a;xadrez;indoor dia;Ciro;197 .jpg
3;alicate;a;xadrez;indoor dia;Ciro;198 .jpg
1;chave;a;xadrez;indoor dia;Ciro;199 .jpg
2;chave;a;xadrez;indoor dia;Ciro;200 .jpg
3;chave;a;xadrez;indoor dia;Ciro;201 .jpg
1;caneta;a;xadrez;indoor dia;Ciro;202 .jpg
2;caneta;a;xadrez;indoor dia;Ciro;203 .jpg
3;caneta;a;xadrez;indoor dia;Ciro;204 .jpg
1;livro;a;xadrez;indoor dia;Ciro;205 .jpg
2;livro;a;xadrez;indoor dia;Ciro;206 .jpg
3;livro;a;xadrez;indoor dia;Ciro;207 .jpg
1;caderno;a;xadrez;indoor dia;Ciro;208 .jpg
2;caderno;a;xadrez;indoor dia;Ciro;209 .jpg
3;caderno;a;xadrez;indoor dia;Ciro;210 .jpg
1;garfo;b;xadrez;indoor dia;Josilton;211 .jpg
2;garfo;b;xadrez;indoor dia;Josilton;212 .jpg
3;garfo;b;xadrez;indoor dia;Josilton;213 .jpg
1;faca;b;xadrez;indoor dia;Josilton;214 .jpg
2;faca;b;xadrez;indoor dia;Josilton;215 .jpg
3;faca;b;xadrez;indoor dia;Josilton;216 .jpg
1;colher;b;xadrez;indoor dia;Josilton;217 .jpg
2;colher;b;xadrez;indoor dia;Josilton;218 .jpg
3;colher;b;xadrez;indoor dia;Josilton;219 .jpg
1;copo;b;xadrez;indoor dia;Josilton;220 .jpg
2;copo;b;xadrez;indoor dia;Josilton;221 .jpg
3;copo;b;xadrez;indoor dia;Josilton;222 .jpg
1;caneca;b;xadrez;indoor dia;Josilton;223 .jpg
2;caneca;b;xadrez;indoor dia;Josilton;224 .jpg
3;caneca;b;xadrez;indoor dia;Josilton;225 .jpg
1;alicate;b;xadrez;indoor dia;Ciro;226 .jpg
2;alicate;b;xadrez;indoor dia;Ciro;227 .jpg
3;alicate;b;xadrez;indoor dia;Ciro;228 .jpg
1;chave;b;xadrez;indoor dia;Ciro;229 .jpg
2;chave;b;xadrez;indoor dia;Ciro;230 .jpg
3;chave;b;xadrez;indoor dia;Ciro;231 .jpg
1;caneta;b;xadrez;indoor dia;Ciro;232 .jpg
2;caneta;b;xadrez;indoor dia;Ciro;233 .jpg
3;caneta;b;xadrez;indoor dia;Ciro;234 .jpg
1;livro;b;xadrez;indoor dia;Ciro;235 .jpg
2;livro;b;xadrez;indoor dia;Ciro;236 .jpg
3;livro;b;xadrez;indoor dia;Ciro;237 .jpg
1;caderno;b;xadrez;indoor dia;Ciro;238 .jpg
2;caderno;b;xadrez;indoor dia;Ciro;239 .jpg
3;caderno;b;xadrez;indoor dia;Ciro;240 .jpg
1;garfo;c;xadrez;indoor dia;Josilton;241 .jpg
2;garfo;c;xadrez;indoor dia;Josilton;242 .jpg
3;garfo;c;xadrez;indoor dia;Josilton;243 .jpg
1;faca;c;xadrez;indoor dia;Josilton;244 .jpg
2;faca;c;xadrez;indoor dia;Josilton;245 .jpg
3;faca;c;xadrez;indoor dia;Josilton;246 .jpg
1;colher;c;xadrez;indoor dia;Josilton;247 .jpg
2;colher;c;xadrez;indoor dia;Josilton;248 .jpg
3;colher;c;xadrez;indoor dia;Josilton;249 .jpg
1;copo;c;xadrez;indoor dia;Josilton;250 .jpg
2;copo;c;xadrez;indoor dia;Josilton;251 .jpg
3;copo;c;xadrez;indoor dia;Josilton;252 .jpg
1;caneca;c;xadrez;indoor dia;Josilton;253 .jpg
2;caneca;c;xadrez;indoor dia;Josilton;254 .jpg
3;caneca;c;xadrez;indoor dia;Josilton;255 .jpg
1;alicate;c;xadrez;indoor dia;Ciro;256 .jpg
2;alicate;c;xadrez;indoor dia;Ciro;257 .jpg
3;alicate;c;xadrez;indoor dia;Ciro;258 .jpg
1;chave;c;xadrez;indoor dia;Ciro;259 .jpg
2;chave;c;xadrez;indoor dia;Ciro;260 .jpg
3;chave;c;xadrez;indoor dia;Ciro;261 .jpg
1;caneta;c;xadrez;indoor dia;Ciro;262 .jpg
2;caneta;c;xadrez;indoor dia;Ciro;263 .jpg
3;caneta;c;xadrez;indoor dia;Ciro;264 .jpg
1;livro;c;xadrez;indoor dia;Ciro;265 .jpg
2;livro;c;xadrez;indoor dia;Ciro;266 .jpg
3;livro;c;xadrez;indoor dia;Ciro;267 .jpg
1;caderno;c;xadrez;indoor dia;Ciro;268 .jpg
2;caderno;c;xadrez;indoor dia;Ciro;269 .jpg
3;caderno;c;xadrez;indoor dia;Ciro;270 .jpg
1;garfo;a;branco;outdoor dia;Josilton;271 .jpg
2;garfo;a;branco;outdoor dia;Josilton;272 .jpg
3;garfo;a;branco;outdoor dia;Josilton;273 .jpg
1;faca;a;branco;outdoor dia;Josilton;274 .jpg
2;faca;a;branco;outdoor dia;Josilton;275 .jpg
3;faca;a;branco;outdoor dia;Josilton;276 .jpg
1;colher;a;branco;outdoor dia;Josilton;277 .jpg
2;colher;a;branco;outdoor dia;Josilton;278 .jpg
3;colher;a;branco;outdoor dia;Josilton;279 .jpg
1;copo;a;branco;outdoor dia;Josilton;280 .jpg
2;copo;a;branco;outdoor dia;Josilton;281 .jpg
3;copo;a;branco;outdoor dia;Josilton;282 .jpg
1;caneca;a;branco;outdoor dia;Josilton;283 .jpg
2;caneca;a;branco;outdoor dia;Josilton;284 .jpg
3;caneca;a;branco;outdoor dia;Josilton;285 .jpg
1;alicate;a;branco;outdoor dia;Ciro;286 .jpg
2;alicate;a;branco;outdoor dia;Ciro;287 .jpg
3;alicate;a;branco;outdoor dia;Ciro;288 .jpg
1;chave;a;branco;outdoor dia;Ciro;289 .jpg
2;chave;a;branco;outdoor dia;Ciro;290 .jpg
3;chave;a;branco;outdoor dia;Ciro;291 .jpg
1;caneta;a;branco;outdoor dia;Ciro;292 .jpg
2;caneta;a;branco;outdoor dia;Ciro;293 .jpg
3;caneta;a;branco;outdoor dia;Ciro;294 .jpg
1;livro;a;branco;outdoor dia;Ciro;295 .jpg
2;livro;a;branco;outdoor dia;Ciro;296 .jpg
3;livro;a;branco;outdoor dia;Ciro;297 .jpg
1;caderno;a;branco;outdoor dia;Ciro;298 .jpg
2;caderno;a;branco;outdoor dia;Ciro;299 .jpg
3;caderno;a;branco;outdoor dia;Ciro;300 .jpg
1;garfo;b;branco;outdoor dia;Josilton;301 .jpg
2;garfo;b;branco;outdoor dia;Josilton;302 .jpg
3;garfo;b;branco;outdoor dia;Josilton;303 .jpg
1;faca;b;branco;outdoor dia;Josilton;304 .jpg
2;faca;b;branco;outdoor dia;Josilton;305 .jpg
3;faca;b;branco;outdoor dia;Josilton;306 .jpg
1;colher;b;branco;outdoor dia;Josilton;307 .jpg
2;colher;b;branco;outdoor dia;Josilton;308 .jpg
3;colher;b;branco;outdoor dia;Josilton;309 .jpg
1;copo;b;branco;outdoor dia;Josilton;310 .jpg
2;copo;b;branco;outdoor dia;Josilton;311 .jpg
3;copo;b;branco;outdoor dia;Josilton;312 .jpg
1;caneca;b;branco;outdoor dia;Josilton;313 .jpg
2;caneca;b;branco;outdoor dia;Josilton;314 .jpg
3;caneca;b;branco;outdoor dia;Josilton;315 .jpg
1;alicate;b;branco;outdoor dia;Ciro;316 .jpg
2;alicate;b;branco;outdoor dia;Ciro;317 .jpg
3;alicate;b;branco;outdoor dia;Ciro;318 .jpg
1;chave;b;branco;outdoor dia;Ciro;319 .jpg
2;chave;b;branco;outdoor dia;Ciro;320 .jpg
3;chave;b;branco;outdoor dia;Ciro;321 .jpg
1;caneta;b;branco;outdoor dia;Ciro;322 .jpg
2;caneta;b;branco;outdoor dia;Ciro;323 .jpg
3;caneta;b;branco;outdoor dia;Ciro;324 .jpg
1;livro;b;branco;outdoor dia;Ciro;325 .jpg
2;livro;b;branco;outdoor dia;Ciro;326 .jpg
3;livro;b;branco;outdoor dia;Ciro;327 .jpg
1;caderno;b;branco;outdoor dia;Ciro;328 .jpg
2;caderno;b;branco;outdoor dia;Ciro;329 .jpg
3;caderno;b;branco;outdoor dia;Ciro;330 .jpg
1;garfo;c;branco;outdoor dia;Josilton;331 .jpg
2;garfo;c;branco;outdoor dia;Josilton;332 .jpg
3;garfo;c;branco;outdoor dia;Josilton;333 .jpg
1;faca;c;branco;outdoor dia;Josilton;334 .jpg
2;faca;c;branco;outdoor dia;Josilton;335 .jpg
3;faca;c;branco;outdoor dia;Josilton;336 .jpg
1;colher;c;branco;outdoor dia;Josilton;337 .jpg
2;colher;c;branco;outdoor dia;Josilton;338 .jpg
3;colher;c;branco;outdoor dia;Josilton;339 .jpg
1;copo;c;branco;outdoor dia;Josilton;340 .jpg
2;copo;c;branco;outdoor dia;Josilton;341 .jpg
3;copo;c;branco;outdoor dia;Josilton;342 .jpg
1;caneca;c;branco;outdoor dia;Josilton;343 .jpg
2;caneca;c;branco;outdoor dia;Josilton;344 .jpg
3;caneca;c;branco;outdoor dia;Josilton;345 .jpg
1;alicate;c;branco;outdoor dia;Ciro;346 .jpg
2;alicate;c;branco;outdoor dia;Ciro;347 .jpg
3;alicate;c;branco;outdoor dia;Ciro;348 .jpg
1;chave;c;branco;outdoor dia;Ciro;349 .jpg
2;chave;c;branco;outdoor dia;Ciro;350 .jpg
3;chave;c;branco;outdoor dia;Ciro;351 .jpg
1;caneta;c;branco;outdoor dia;Ciro;352 .jpg
2;caneta;c;branco;outdoor dia;Ciro;353 .jpg
3;caneta;c;branco;outdoor dia;Ciro;354 .jpg
1;livro;c;branco;outdoor dia;Ciro;355 .jpg
2;livro;c;branco;outdoor dia;Ciro;356 .jpg
3;livro;c;branco;outdoor dia;Ciro;357 .jpg
1;caderno;c;branco;outdoor dia;Ciro;358 .jpg
2;caderno;c;branco;outdoor dia;Ciro;359 .jpg
3;caderno;c;branco;outdoor dia;Ciro;360 .jpg
1;garfo;a;mickey;outdoor dia;Josilton;361 .jpg
2;garfo;a;mickey;outdoor dia;Josilton;362 .jpg
3;garfo;a;mickey;outdoor dia;Josilton;363 .jpg
1;faca;a;mickey;outdoor dia;Josilton;364 .jpg
2;faca;a;mickey;outdoor dia;Josilton;365 .jpg
3;faca;a;mickey;outdoor dia;Josilton;366 .jpg
1;colher;a;mickey;outdoor dia;Josilton;367 .jpg
2;colher;a;mickey;outdoor dia;Josilton;368 .jpg
3;colher;a;mickey;outdoor dia;Josilton;369 .jpg
1;copo;a;mickey;outdoor dia;Josilton;370 .jpg
2;copo;a;mickey;outdoor dia;Josilton;371 .jpg
3;copo;a;mickey;outdoor dia;Josilton;372 .jpg
1;caneca;a;mickey;outdoor dia;Josilton;373 .jpg
2;caneca;a;mickey;outdoor dia;Josilton;374 .jpg
3;caneca;a;mickey;outdoor dia;Josilton;375 .jpg
1;alicate;a;mickey;outdoor dia;Ciro;376 .jpg
2;alicate;a;mickey;outdoor dia;Ciro;377 .jpg
3;alicate;a;mickey;outdoor dia;Ciro;378 .jpg
1;chave;a;mickey;outdoor dia;Ciro;379 .jpg
2;chave;a;mickey;outdoor dia;Ciro;380 .jpg
3;chave;a;mickey;outdoor dia;Ciro;381 .jpg
1;caneta;a;mickey;outdoor dia;Ciro;382 .jpg
2;caneta;a;mickey;outdoor dia;Ciro;383 .jpg
3;caneta;a;mickey;outdoor dia;Ciro;384 .jpg
1;livro;a;mickey;outdoor dia;Ciro;385 .jpg
2;livro;a;mickey;outdoor dia;Ciro;386 .jpg
3;livro;a;mickey;outdoor dia;Ciro;387 .jpg
1;caderno;a;mickey;outdoor dia;Ciro;388 .jpg
2;caderno;a;mickey;outdoor dia;Ciro;389 .jpg
3;caderno;a;mickey;outdoor dia;Ciro;390 .jpg
1;garfo;b;mickey;outdoor dia;Josilton;391 .jpg
2;garfo;b;mickey;outdoor dia;Josilton;392 .jpg
3;garfo;b;mickey;outdoor dia;Josilton;393 .jpg
1;faca;b;mickey;outdoor dia;Josilton;394 .jpg
2;faca;b;mickey;outdoor dia;Josilton;395 .jpg
3;faca;b;mickey;outdoor dia;Josilton;396 .jpg
1;colher;b;mickey;outdoor dia;Josilton;397 .jpg
2;colher;b;mickey;outdoor dia;Josilton;398 .jpg
3;colher;b;mickey;outdoor dia;Josilton;399 .jpg
1;copo;b;mickey;outdoor dia;Josilton;400 .jpg
2;copo;b;mickey;outdoor dia;Josilton;401 .jpg
3;copo;b;mickey;outdoor dia;Josilton;402 .jpg
1;caneca;b;mickey;outdoor dia;Josilton;403 .jpg
2;caneca;b;mickey;outdoor dia;Josilton;404 .jpg
3;caneca;b;mickey;outdoor dia;Josilton;405 .jpg
1;alicate;b;mickey;outdoor dia;Ciro;406 .jpg
2;alicate;b;mickey;outdoor dia;Ciro;407 .jpg
3;alicate;b;mickey;outdoor dia;Ciro;408 .jpg
1;chave;b;mickey;outdoor dia;Ciro;409 .jpg
2;chave;b;mickey;outdoor dia;Ciro;410 .jpg
3;chave;b;mickey;outdoor dia;Ciro;411 .jpg
1;caneta;b;mickey;outdoor dia;Ciro;412 .jpg
2;caneta;b;mickey;outdoor dia;Ciro;413 .jpg
3;caneta;b;mickey;outdoor dia;Ciro;414 .jpg
1;livro;b;mickey;outdoor dia;Ciro;415 .jpg
2;livro;b;mickey;outdoor dia;Ciro;416 .jpg
3;livro;b;mickey;outdoor dia;Ciro;417 .jpg
1;caderno;b;mickey;outdoor dia;Ciro;418 .jpg
2;caderno;b;mickey;outdoor dia;Ciro;419 .jpg
3;caderno;b;mickey;outdoor dia;Ciro;420 .jpg
1;garfo;c;mickey;outdoor dia;Josilton;421 .jpg
2;garfo;c;mickey;outdoor dia;Josilton;422 .jpg
3;garfo;c;mickey;outdoor dia;Josilton;423 .jpg
1;faca;c;mickey;outdoor dia;Josilton;424 .jpg
2;faca;c;mickey;outdoor dia;Josilton;425 .jpg
3;faca;c;mickey;outdoor dia;Josilton;426 .jpg
1;colher;c;mickey;outdoor dia;Josilton;427 .jpg
2;colher;c;mickey;outdoor dia;Josilton;428 .jpg
3;colher;c;mickey;outdoor dia;Josilton;429 .jpg
1;copo;c;mickey;outdoor dia;Josilton;430 .jpg
2;copo;c;mickey;outdoor dia;Josilton;431 .jpg
3;copo;c;mickey;outdoor dia;Josilton;432 .jpg
1;caneca;c;mickey;outdoor dia;Josilton;433 .jpg
2;caneca;c;mickey;outdoor dia;Josilton;434 .jpg
3;caneca;c;mickey;outdoor dia;Josilton;435 .jpg
1;alicate;c;mickey;outdoor dia;Ciro;436 .jpg
2;alicate;c;mickey;outdoor dia;Ciro;437 .jpg
3;alicate;c;mickey;outdoor dia;Ciro;438 .jpg
1;chave;c;mickey;outdoor dia;Ciro;439 .jpg
2;chave;c;mickey;outdoor dia;Ciro;440 .jpg
3;chave;c;mickey;outdoor dia;Ciro;441 .jpg
1;caneta;c;mickey;outdoor dia;Ciro;442 .jpg
2;caneta;c;mickey;outdoor dia;Ciro;443 .jpg
3;caneta;c;mickey;outdoor dia;Ciro;444 .jpg
1;livro;c;mickey;outdoor dia;Ciro;445 .jpg
2;livro;c;mickey;outdoor dia;Ciro;446 .jpg
3;livro;c;mickey;outdoor dia;Ciro;447 .jpg
1;caderno;c;mickey;outdoor dia;Ciro;448 .jpg
2;caderno;c;mickey;outdoor dia;Ciro;449 .jpg
3;caderno;c;mickey;outdoor dia;Ciro;450 .jpg
1;garfo;a;xadrez;outdoor dia;Josilton;451 .jpg
2;garfo;a;xadrez;outdoor dia;Josilton;452 .jpg
3;garfo;a;xadrez;outdoor dia;Josilton;453 .jpg
1;faca;a;xadrez;outdoor dia;Josilton;454 .jpg
2;faca;a;xadrez;outdoor dia;Josilton;455 .jpg
3;faca;a;xadrez;outdoor dia;Josilton;456 .jpg
1;colher;a;xadrez;outdoor dia;Josilton;457 .jpg
2;colher;a;xadrez;outdoor dia;Josilton;458 .jpg
3;colher;a;xadrez;outdoor dia;Josilton;459 .jpg
1;copo;a;xadrez;outdoor dia;Josilton;460 .jpg
2;copo;a;xadrez;outdoor dia;Josilton;461 .jpg
3;copo;a;xadrez;outdoor dia;Josilton;462 .jpg
1;caneca;a;xadrez;outdoor dia;Josilton;463 .jpg
2;caneca;a;xadrez;outdoor dia;Josilton;464 .jpg
3;caneca;a;xadrez;outdoor dia;Josilton;465 .jpg
1;alicate;a;xadrez;outdoor dia;Ciro;466 .jpg
2;alicate;a;xadrez;outdoor dia;Ciro;467 .jpg
3;alicate;a;xadrez;outdoor dia;Ciro;468 .jpg
1;chave;a;xadrez;outdoor dia;Ciro;469 .jpg
2;chave;a;xadrez;outdoor dia;Ciro;470 .jpg
3;chave;a;xadrez;outdoor dia;Ciro;471 .jpg
1;caneta;a;xadrez;outdoor dia;Ciro;472 .jpg
2;caneta;a;xadrez;outdoor dia;Ciro;473 .jpg
3;caneta;a;xadrez;outdoor dia;Ciro;474 .jpg
1;livro;a;xadrez;outdoor dia;Ciro;475 .jpg
2;livro;a;xadrez;outdoor dia;Ciro;476 .jpg
3;livro;a;xadrez;outdoor dia;Ciro;477 .jpg
1;caderno;a;xadrez;outdoor dia;Ciro;478 .jpg
2;caderno;a;xadrez;outdoor dia;Ciro;479 .jpg
3;caderno;a;xadrez;outdoor dia;Ciro;480 .jpg
1;garfo;b;xadrez;outdoor dia;Josilton;481 .jpg
2;garfo;b;xadrez;outdoor dia;Josilton;482 .jpg
3;garfo;b;xadrez;outdoor dia;Josilton;483 .jpg
1;faca;b;xadrez;outdoor dia;Josilton;484 .jpg
2;faca;b;xadrez;outdoor dia;Josilton;485 .jpg
3;faca;b;xadrez;outdoor dia;Josilton;486 .jpg
1;colher;b;xadrez;outdoor dia;Josilton;487 .jpg
2;colher;b;xadrez;outdoor dia;Josilton;488 .jpg
3;colher;b;xadrez;outdoor dia;Josilton;489 .jpg
1;copo;b;xadrez;outdoor dia;Josilton;490 .jpg
2;copo;b;xadrez;outdoor dia;Josilton;491 .jpg
3;copo;b;xadrez;outdoor dia;Josilton;492 .jpg
1;caneca;b;xadrez;outdoor dia;Josilton;493 .jpg
2;caneca;b;xadrez;outdoor dia;Josilton;494 .jpg
3;caneca;b;xadrez;outdoor dia;Josilton;495 .jpg
1;alicate;b;xadrez;outdoor dia;Ciro;496 .jpg
2;alicate;b;xadrez;outdoor dia;Ciro;497 .jpg
3;alicate;b;xadrez;outdoor dia;Ciro;498 .jpg
1;chave;b;xadrez;outdoor dia;Ciro;499 .jpg
2;chave;b;xadrez;outdoor dia;Ciro;500 .jpg
3;chave;b;xadrez;outdoor dia;Ciro;501 .jpg
1;caneta;b;xadrez;outdoor dia;Ciro;502 .jpg
2;caneta;b;xadrez;outdoor dia;Ciro;503 .jpg
3;caneta;b;xadrez;outdoor dia;Ciro;504 .jpg
1;livro;b;xadrez;outdoor dia;Ciro;505 .jpg
2;livro;b;xadrez;outdoor dia;Ciro;506 .jpg
3;livro;b;xadrez;outdoor dia;Ciro;507 .jpg
1;caderno;b;xadrez;outdoor dia;Ciro;508 .jpg
2;caderno;b;xadrez;outdoor dia;Ciro;509 .jpg
3;caderno;b;xadrez;outdoor dia;Ciro;510 .jpg
1;garfo;c;xadrez;outdoor dia;Josilton;511 .jpg
2;garfo;c;xadrez;outdoor dia;Josilton;512 .jpg
3;garfo;c;xadrez;outdoor dia;Josilton;513 .jpg
1;faca;c;xadrez;outdoor dia;Josilton;514 .jpg
2;faca;c;xadrez;outdoor dia;Josilton;515 .jpg
3;faca;c;xadrez;outdoor dia;Josilton;516 .jpg
1;colher;c;xadrez;outdoor dia;Josilton;517 .jpg
2;colher;c;xadrez;outdoor dia;Josilton;518 .jpg
3;colher;c;xadrez;outdoor dia;Josilton;519 .jpg
1;copo;c;xadrez;outdoor dia;Josilton;520 .jpg
2;copo;c;xadrez;outdoor dia;Josilton;521 .jpg
3;copo;c;xadrez;outdoor dia;Josilton;522 .jpg
1;caneca;c;xadrez;outdoor dia;Josilton;523 .jpg
2;caneca;c;xadrez;outdoor dia;Josilton;524 .jpg
3;caneca;c;xadrez;outdoor dia;Josilton;525 .jpg
1;alicate;c;xadrez;outdoor dia;Ciro;526 .jpg
2;alicate;c;xadrez;outdoor dia;Ciro;527 .jpg
3;alicate;c;xadrez;outdoor dia;Ciro;528 .jpg
1;chave;c;xadrez;outdoor dia;Ciro;529 .jpg
2;chave;c;xadrez;outdoor dia;Ciro;530 .jpg
3;chave;c;xadrez;outdoor dia;Ciro;531 .jpg
1;caneta;c;xadrez;outdoor dia;Ciro;532 .jpg
2;caneta;c;xadrez;outdoor dia;Ciro;533 .jpg
3;caneta;c;xadrez;outdoor dia;Ciro;534 .jpg
1;livro;c;xadrez;outdoor dia;Ciro;535 .jpg
2;livro;c;xadrez;outdoor dia;Ciro;536 .jpg
3;livro;c;xadrez;outdoor dia;Ciro;537 .jpg
1;caderno;c;xadrez;outdoor dia;Ciro;538 .jpg
2;caderno;c;xadrez;outdoor dia;Ciro;539 .jpg
3;caderno;c;xadrez;outdoor dia;Ciro;540 .jpg
1;garfo;a;branco;indoor noite;Josilton;541 .jpg
2;garfo;a;branco;indoor noite;Josilton;542 .jpg
3;garfo;a;branco;indoor noite;Josilton;543 .jpg
1;faca;a;branco;indoor noite;Josilton;544 .jpg
2;faca;a;branco;indoor noite;Josilton;545 .jpg
3;faca;a;branco;indoor noite;Josilton;546 .jpg
1;colher;a;branco;indoor noite;Josilton;547 .jpg
2;colher;a;branco;indoor noite;Josilton;548 .jpg
3;colher;a;branco;indoor noite;Josilton;549 .jpg
1;copo;a;branco;indoor noite;Josilton;550 .jpg
2;copo;a;branco;indoor noite;Josilton;551 .jpg
3;copo;a;branco;indoor noite;Josilton;552 .jpg
1;caneca;a;branco;indoor noite;Josilton;553 .jpg
2;caneca;a;branco;indoor noite;Josilton;554 .jpg
3;caneca;a;branco;indoor noite;Josilton;555 .jpg
1;alicate;a;branco;indoor noite;Ciro;556 .jpg
2;alicate;a;branco;indoor noite;Ciro;557 .jpg
3;alicate;a;branco;indoor noite;Ciro;558 .jpg
1;chave;a;branco;indoor noite;Ciro;559 .jpg
2;chave;a;branco;indoor noite;Ciro;560 .jpg
3;chave;a;branco;indoor noite;Ciro;561 .jpg
1;caneta;a;branco;indoor noite;Ciro;562 .jpg
2;caneta;a;branco;indoor noite;Ciro;563 .jpg
3;caneta;a;branco;indoor noite;Ciro;564 .jpg
1;livro;a;branco;indoor noite;Ciro;565 .jpg
2;livro;a;branco;indoor noite;Ciro;566 .jpg
3;livro;a;branco;indoor noite;Ciro;567 .jpg
1;caderno;a;branco;indoor noite;Ciro;568 .jpg
2;caderno;a;branco;indoor noite;Ciro;569 .jpg
3;caderno;a;branco;indoor noite;Ciro;570 .jpg
1;garfo;b;branco;indoor noite;Josilton;571 .jpg
2;garfo;b;branco;indoor noite;Josilton;572 .jpg
3;garfo;b;branco;indoor noite;Josilton;573 .jpg
1;faca;b;branco;indoor noite;Josilton;574 .jpg
2;faca;b;branco;indoor noite;Josilton;575 .jpg
3;faca;b;branco;indoor noite;Josilton;576 .jpg
1;colher;b;branco;indoor noite;Josilton;577 .jpg
2;colher;b;branco;indoor noite;Josilton;578 .jpg
3;colher;b;branco;indoor noite;Josilton;579 .jpg
1;copo;b;branco;indoor noite;Josilton;580 .jpg
2;copo;b;branco;indoor noite;Josilton;581 .jpg
3;copo;b;branco;indoor noite;Josilton;582 .jpg
1;caneca;b;branco;indoor noite;Josilton;583 .jpg
2;caneca;b;branco;indoor noite;Josilton;584 .jpg
3;caneca;b;branco;indoor noite;Josilton;585 .jpg
1;alicate;b;branco;indoor noite;Ciro;586 .jpg
2;alicate;b;branco;indoor noite;Ciro;587 .jpg
3;alicate;b;branco;indoor noite;Ciro;588 .jpg
1;chave;b;branco;indoor noite;Ciro;589 .jpg
2;chave;b;branco;indoor noite;Ciro;590 .jpg
3;chave;b;branco;indoor noite;Ciro;591 .jpg
1;caneta;b;branco;indoor noite;Ciro;592 .jpg
2;caneta;b;branco;indoor noite;Ciro;593 .jpg
3;caneta;b;branco;indoor noite;Ciro;594 .jpg
1;livro;b;branco;indoor noite;Ciro;595 .jpg
2;livro;b;branco;indoor noite;Ciro;596 .jpg
3;livro;b;branco;indoor noite;Ciro;597 .jpg
1;caderno;b;branco;indoor noite;Ciro;598 .jpg
2;caderno;b;branco;indoor noite;Ciro;599 .jpg
3;caderno;b;branco;indoor noite;Ciro;600 .jpg
1;garfo;c;branco;indoor noite;Josilton;601 .jpg
2;garfo;c;branco;indoor noite;Josilton;602 .jpg
3;garfo;c;branco;indoor noite;Josilton;603 .jpg
1;faca;c;branco;indoor noite;Josilton;604 .jpg
2;faca;c;branco;indoor noite;Josilton;605 .jpg
3;faca;c;branco;indoor noite;Josilton;606 .jpg
1;colher;c;branco;indoor noite;Josilton;607 .jpg
2;colher;c;branco;indoor noite;Josilton;608 .jpg
3;colher;c;branco;indoor noite;Josilton;609 .jpg
1;copo;c;branco;indoor noite;Josilton;610 .jpg
2;copo;c;branco;indoor noite;Josilton;611 .jpg
3;copo;c;branco;indoor noite;Josilton;612 .jpg
1;caneca;c;branco;indoor noite;Josilton;613 .jpg
2;caneca;c;branco;indoor noite;Josilton;614 .jpg
3;caneca;c;branco;indoor noite;Josilton;615 .jpg
1;alicate;c;branco;indoor noite;Ciro;616 .jpg
2;alicate;c;branco;indoor noite;Ciro;617 .jpg
3;alicate;c;branco;indoor noite;Ciro;618 .jpg
1;chave;c;branco;indoor noite;Ciro;619 .jpg
2;chave;c;branco;indoor noite;Ciro;620 .jpg
3;chave;c;branco;indoor noite;Ciro;621 .jpg
1;caneta;c;branco;indoor noite;Ciro;622 .jpg
2;caneta;c;branco;indoor noite;Ciro;623 .jpg
3;caneta;c;branco;indoor noite;Ciro;624 .jpg
1;livro;c;branco;indoor noite;Ciro;625 .jpg
2;livro;c;branco;indoor noite;Ciro;626 .jpg
3;livro;c;branco;indoor noite;Ciro;627 .jpg
1;caderno;c;branco;indoor noite;Ciro;628 .jpg
2;caderno;c;branco;indoor noite;Ciro;629 .jpg
3;caderno;c;branco;indoor noite;Ciro;630 .jpg
1;garfo;a;mickey;indoor noite;Josilton;631 .jpg
2;garfo;a;mickey;indoor noite;Josilton;632 .jpg
3;garfo;a;mickey;indoor noite;Josilton;633 .jpg
1;faca;a;mickey;indoor noite;Josilton;634 .jpg
2;faca;a;mickey;indoor noite;Josilton;635 .jpg
3;faca;a;mickey;indoor noite;Josilton;636 .jpg
1;colher;a;mickey;indoor noite;Josilton;637 .jpg
2;colher;a;mickey;indoor noite;Josilton;638 .jpg
3;colher;a;mickey;indoor noite;Josilton;639 .jpg
1;copo;a;mickey;indoor noite;Josilton;640 .jpg
2;copo;a;mickey;indoor noite;Josilton;641 .jpg
3;copo;a;mickey;indoor noite;Josilton;642 .jpg
1;caneca;a;mickey;indoor noite;Josilton;643 .jpg
2;caneca;a;mickey;indoor noite;Josilton;644 .jpg
3;caneca;a;mickey;indoor noite;Josilton;645 .jpg
1;alicate;a;mickey;indoor noite;Ciro;646 .jpg
2;alicate;a;mickey;indoor noite;Ciro;647 .jpg
3;alicate;a;mickey;indoor noite;Ciro;648 .jpg
1;chave;a;mickey;indoor noite;Ciro;649 .jpg
2;chave;a;mickey;indoor noite;Ciro;650 .jpg
3;chave;a;mickey;indoor noite;Ciro;651 .jpg
1;caneta;a;mickey;indoor noite;Ciro;652 .jpg
2;caneta;a;mickey;indoor noite;Ciro;653 .jpg
3;caneta;a;mickey;indoor noite;Ciro;654 .jpg
1;livro;a;mickey;indoor noite;Ciro;655 .jpg
2;livro;a;mickey;indoor noite;Ciro;656 .jpg
3;livro;a;mickey;indoor noite;Ciro;657 .jpg
1;caderno;a;mickey;indoor noite;Ciro;658 .jpg
2;caderno;a;mickey;indoor noite;Ciro;659 .jpg
3;caderno;a;mickey;indoor noite;Ciro;660 .jpg
1;garfo;b;mickey;indoor noite;Josilton;661 .jpg
2;garfo;b;mickey;indoor noite;Josilton;662 .jpg
3;garfo;b;mickey;indoor noite;Josilton;663 .jpg
1;faca;b;mickey;indoor noite;Josilton;664 .jpg
2;faca;b;mickey;indoor noite;Josilton;665 .jpg
3;faca;b;mickey;indoor noite;Josilton;666 .jpg
1;colher;b;mickey;indoor noite;Josilton;667 .jpg
2;colher;b;mickey;indoor noite;Josilton;668 .jpg
3;colher;b;mickey;indoor noite;Josilton;669 .jpg
1;copo;b;mickey;indoor noite;Josilton;670 .jpg
2;copo;b;mickey;indoor noite;Josilton;671 .jpg
3;copo;b;mickey;indoor noite;Josilton;672 .jpg
1;caneca;b;mickey;indoor noite;Josilton;673 .jpg
2;caneca;b;mickey;indoor noite;Josilton;674 .jpg
3;caneca;b;mickey;indoor noite;Josilton;675 .jpg
1;alicate;b;mickey;indoor noite;Ciro;676 .jpg
2;alicate;b;mickey;indoor noite;Ciro;677 .jpg
3;alicate;b;mickey;indoor noite;Ciro;678 .jpg
1;chave;b;mickey;indoor noite;Ciro;679 .jpg
2;chave;b;mickey;indoor noite;Ciro;680 .jpg
3;chave;b;mickey;indoor noite;Ciro;681 .jpg
1;caneta;b;mickey;indoor noite;Ciro;682 .jpg
2;caneta;b;mickey;indoor noite;Ciro;683 .jpg
3;caneta;b;mickey;indoor noite;Ciro;684 .jpg
1;livro;b;mickey;indoor noite;Ciro;685 .jpg
2;livro;b;mickey;indoor noite;Ciro;686 .jpg
3;livro;b;mickey;indoor noite;Ciro;687 .jpg
1;caderno;b;mickey;indoor noite;Ciro;688 .jpg
2;caderno;b;mickey;indoor noite;Ciro;689 .jpg
3;caderno;b;mickey;indoor noite;Ciro;690 .jpg
1;garfo;c;mickey;indoor noite;Josilton;691 .jpg
2;garfo;c;mickey;indoor noite;Josilton;692 .jpg
3;garfo;c;mickey;indoor noite;Josilton;693 .jpg
1;faca;c;mickey;indoor noite;Josilton;694 .jpg
2;faca;c;mickey;indoor noite;Josilton;695 .jpg
3;faca;c;mickey;indoor noite;Josilton;696 .jpg
1;colher;c;mickey;indoor noite;Josilton;697 .jpg
2;colher;c;mickey;indoor noite;Josilton;698 .jpg
3;colher;c;mickey;indoor noite;Josilton;699 .jpg
1;copo;c;mickey;indoor noite;Josilton;700 .jpg
2;copo;c;mickey;indoor noite;Josilton;701 .jpg
3;copo;c;mickey;indoor noite;Josilton;702 .jpg
1;caneca;c;mickey;indoor noite;Josilton;703 .jpg
2;caneca;c;mickey;indoor noite;Josilton;704 .jpg
3;caneca;c;mickey;indoor noite;Josilton;705 .jpg
1;alicate;c;mickey;indoor noite;Ciro;706 .jpg
2;alicate;c;mickey;indoor noite;Ciro;707 .jpg
3;alicate;c;mickey;indoor noite;Ciro;708 .jpg
1;chave;c;mickey;indoor noite;Ciro;709 .jpg
2;chave;c;mickey;indoor noite;Ciro;710 .jpg
3;chave;c;mickey;indoor noite;Ciro;711 .jpg
1;caneta;c;mickey;indoor noite;Ciro;712 .jpg
2;caneta;c;mickey;indoor noite;Ciro;713 .jpg
3;caneta;c;mickey;indoor noite;Ciro;714 .jpg
1;livro;c;mickey;indoor noite;Ciro;715 .jpg
2;livro;c;mickey;indoor noite;Ciro;716 .jpg
3;livro;c;mickey;indoor noite;Ciro;717 .jpg
1;caderno;c;mickey;indoor noite;Ciro;718 .jpg
2;caderno;c;mickey;indoor noite;Ciro;719 .jpg
3;caderno;c;mickey;indoor noite;Ciro;720 .jpg
1;garfo;a;xadrez;indoor noite;Josilton;721 .jpg
2;garfo;a;xadrez;indoor noite;Josilton;722 .jpg
3;garfo;a;xadrez;indoor noite;Josilton;723 .jpg
1;faca;a;xadrez;indoor noite;Josilton;724 .jpg
2;faca;a;xadrez;indoor noite;Josilton;725 .jpg
3;faca;a;xadrez;indoor noite;Josilton;726 .jpg
1;colher;a;xadrez;indoor noite;Josilton;727 .jpg
2;colher;a;xadrez;indoor noite;Josilton;728 .jpg
3;colher;a;xadrez;indoor noite;Josilton;729 .jpg
1;copo;a;xadrez;indoor noite;Josilton;730 .jpg
2;copo;a;xadrez;indoor noite;Josilton;731 .jpg
3;copo;a;xadrez;indoor noite;Josilton;732 .jpg
1;caneca;a;xadrez;indoor noite;Josilton;733 .jpg
2;caneca;a;xadrez;indoor noite;Josilton;734 .jpg
3;caneca;a;xadrez;indoor noite;Josilton;735 .jpg
1;alicate;a;xadrez;indoor noite;Ciro;736 .jpg
2;alicate;a;xadrez;indoor noite;Ciro;737 .jpg
3;alicate;a;xadrez;indoor noite;Ciro;738 .jpg
1;chave;a;xadrez;indoor noite;Ciro;739 .jpg
2;chave;a;xadrez;indoor noite;Ciro;740 .jpg
3;chave;a;xadrez;indoor noite;Ciro;741 .jpg
1;caneta;a;xadrez;indoor noite;Ciro;742 .jpg
2;caneta;a;xadrez;indoor noite;Ciro;743 .jpg
3;caneta;a;xadrez;indoor noite;Ciro;744 .jpg
1;livro;a;xadrez;indoor noite;Ciro;745 .jpg
2;livro;a;xadrez;indoor noite;Ciro;746 .jpg
3;livro;a;xadrez;indoor noite;Ciro;747 .jpg
1;caderno;a;xadrez;indoor noite;Ciro;748 .jpg
2;caderno;a;xadrez;indoor noite;Ciro;749 .jpg
3;caderno;a;xadrez;indoor noite;Ciro;750 .jpg
1;garfo;b;xadrez;indoor noite;Josilton;751 .jpg
2;garfo;b;xadrez;indoor noite;Josilton;752 .jpg
3;garfo;b;xadrez;indoor noite;Josilton;753 .jpg
1;faca;b;xadrez;indoor noite;Josilton;754 .jpg
2;faca;b;xadrez;indoor noite;Josilton;755 .jpg
3;faca;b;xadrez;indoor noite;Josilton;756 .jpg
1;colher;b;xadrez;indoor noite;Josilton;757 .jpg
2;colher;b;xadrez;indoor noite;Josilton;758 .jpg
3;colher;b;xadrez;indoor noite;Josilton;759 .jpg
1;copo;b;xadrez;indoor noite;Josilton;760 .jpg
2;copo;b;xadrez;indoor noite;Josilton;761 .jpg
3;copo;b;xadrez;indoor noite;Josilton;762 .jpg
1;caneca;b;xadrez;indoor noite;Josilton;763 .jpg
2;caneca;b;xadrez;indoor noite;Josilton;764 .jpg
3;caneca;b;xadrez;indoor noite;Josilton;765 .jpg
1;alicate;b;xadrez;indoor noite;Ciro;766 .jpg
2;alicate;b;xadrez;indoor noite;Ciro;767 .jpg
3;alicate;b;xadrez;indoor noite;Ciro;768 .jpg
1;chave;b;xadrez;indoor noite;Ciro;769 .jpg
2;chave;b;xadrez;indoor noite;Ciro;770 .jpg
3;chave;b;xadrez;indoor noite;Ciro;771 .jpg
1;caneta;b;xadrez;indoor noite;Ciro;772 .jpg
2;caneta;b;xadrez;indoor noite;Ciro;773 .jpg
3;caneta;b;xadrez;indoor noite;Ciro;774 .jpg
1;livro;b;xadrez;indoor noite;Ciro;775 .jpg
2;livro;b;xadrez;indoor noite;Ciro;776 .jpg
3;livro;b;xadrez;indoor noite;Ciro;777 .jpg
1;caderno;b;xadrez;indoor noite;Ciro;778 .jpg
2;caderno;b;xadrez;indoor noite;Ciro;779 .jpg
3;caderno;b;xadrez;indoor noite;Ciro;780 .jpg
1;garfo;c;xadrez;indoor noite;Josilton;781 .jpg
2;garfo;c;xadrez;indoor noite;Josilton;782 .jpg
3;garfo;c;xadrez;indoor noite;Josilton;783 .jpg
1;faca;c;xadrez;indoor noite;Josilton;784 .jpg
2;faca;c;xadrez;indoor noite;Josilton;785 .jpg
3;faca;c;xadrez;indoor noite;Josilton;786 .jpg
1;colher;c;xadrez;indoor noite;Josilton;787 .jpg
2;colher;c;xadrez;indoor noite;Josilton;788 .jpg
3;colher;c;xadrez;indoor noite;Josilton;789 .jpg
1;copo;c;xadrez;indoor noite;Josilton;790 .jpg
2;copo;c;xadrez;indoor noite;Josilton;791 .jpg
3;copo;c;xadrez;indoor noite;Josilton;792 .jpg
1;caneca;c;xadrez;indoor noite;Josilton;793 .jpg
2;caneca;c;xadrez;indoor noite;Josilton;794 .jpg
3;caneca;c;xadrez;indoor noite;Josilton;795 .jpg
1;alicate;c;xadrez;indoor noite;Ciro;796 .jpg
2;alicate;c;xadrez;indoor noite;Ciro;797 .jpg
3;alicate;c;xadrez;indoor noite;Ciro;798 .jpg
1;chave;c;xadrez;indoor noite;Ciro;799 .jpg
2;chave;c;xadrez;indoor noite;Ciro;800 .jpg
3;chave;c;xadrez;indoor noite;Ciro;801 .jpg
1;caneta;c;xadrez;indoor noite;Ciro;802 .jpg
2;caneta;c;xadrez;indoor noite;Ciro;803 .jpg
3;caneta;c;xadrez;indoor noite;Ciro;804 .jpg
1;livro;c;xadrez;indoor noite;Ciro;805 .jpg
2;livro;c;xadrez;indoor noite;Ciro;806 .jpg
3;livro;c;xadrez;indoor noite;Ciro;807 .jpg
1;caderno;c;xadrez;indoor noite;Ciro;808 .jpg
2;caderno;c;xadrez;indoor noite;Ciro;809 .jpg
3;caderno;c;xadrez;indoor noite;Ciro;810 .jpg
1;garfo;a;branco;outdoor noite;Josilton;811 .jpg
2;garfo;a;branco;outdoor noite;Josilton;812 .jpg
3;garfo;a;branco;outdoor noite;Josilton;813 .jpg
1;faca;a;branco;outdoor noite;Josilton;814 .jpg
2;faca;a;branco;outdoor noite;Josilton;815 .jpg
3;faca;a;branco;outdoor noite;Josilton;816 .jpg
1;colher;a;branco;outdoor noite;Josilton;817 .jpg
2;colher;a;branco;outdoor noite;Josilton;818 .jpg
3;colher;a;branco;outdoor noite;Josilton;819 .jpg
1;copo;a;branco;outdoor noite;Josilton;820 .jpg
2;copo;a;branco;outdoor noite;Josilton;821 .jpg
3;copo;a;branco;outdoor noite;Josilton;822 .jpg
1;caneca;a;branco;outdoor noite;Josilton;823 .jpg
2;caneca;a;branco;outdoor noite;Josilton;824 .jpg
3;caneca;a;branco;outdoor noite;Josilton;825 .jpg
1;alicate;a;branco;outdoor noite;Ciro;826 .jpg
2;alicate;a;branco;outdoor noite;Ciro;827 .jpg
3;alicate;a;branco;outdoor noite;Ciro;828 .jpg
1;chave;a;branco;outdoor noite;Ciro;829 .jpg
2;chave;a;branco;outdoor noite;Ciro;830 .jpg
3;chave;a;branco;outdoor noite;Ciro;831 .jpg
1;caneta;a;branco;outdoor noite;Ciro;832 .jpg
2;caneta;a;branco;outdoor noite;Ciro;833 .jpg
3;caneta;a;branco;outdoor noite;Ciro;834 .jpg
1;livro;a;branco;outdoor noite;Ciro;835 .jpg
2;livro;a;branco;outdoor noite;Ciro;836 .jpg
3;livro;a;branco;outdoor noite;Ciro;837 .jpg
1;caderno;a;branco;outdoor noite;Ciro;838 .jpg
2;caderno;a;branco;outdoor noite;Ciro;839 .jpg
3;caderno;a;branco;outdoor noite;Ciro;840 .jpg
1;garfo;b;branco;outdoor noite;Josilton;841 .jpg
2;garfo;b;branco;outdoor noite;Josilton;842 .jpg
3;garfo;b;branco;outdoor noite;Josilton;843 .jpg
1;faca;b;branco;outdoor noite;Josilton;844 .jpg
2;faca;b;branco;outdoor noite;Josilton;845 .jpg
3;faca;b;branco;outdoor noite;Josilton;846 .jpg
1;colher;b;branco;outdoor noite;Josilton;847 .jpg
2;colher;b;branco;outdoor noite;Josilton;848 .jpg
3;colher;b;branco;outdoor noite;Josilton;849 .jpg
1;copo;b;branco;outdoor noite;Josilton;850 .jpg
2;copo;b;branco;outdoor noite;Josilton;851 .jpg
3;copo;b;branco;outdoor noite;Josilton;852 .jpg
1;caneca;b;branco;outdoor noite;Josilton;853 .jpg
2;caneca;b;branco;outdoor noite;Josilton;854 .jpg
3;caneca;b;branco;outdoor noite;Josilton;855 .jpg
1;alicate;b;branco;outdoor noite;Ciro;856 .jpg
2;alicate;b;branco;outdoor noite;Ciro;857 .jpg
3;alicate;b;branco;outdoor noite;Ciro;858 .jpg
1;chave;b;branco;outdoor noite;Ciro;859 .jpg
2;chave;b;branco;outdoor noite;Ciro;860 .jpg
3;chave;b;branco;outdoor noite;Ciro;861 .jpg
1;caneta;b;branco;outdoor noite;Ciro;862 .jpg
2;caneta;b;branco;outdoor noite;Ciro;863 .jpg
3;caneta;b;branco;outdoor noite;Ciro;864 .jpg
1;livro;b;branco;outdoor noite;Ciro;865 .jpg
2;livro;b;branco;outdoor noite;Ciro;866 .jpg
3;livro;b;branco;outdoor noite;Ciro;867 .jpg
1;caderno;b;branco;outdoor noite;Ciro;868 .jpg
2;caderno;b;branco;outdoor noite;Ciro;869 .jpg
3;caderno;b;branco;outdoor noite;Ciro;870 .jpg
1;garfo;c;branco;outdoor noite;Josilton;871 .jpg
2;garfo;c;branco;outdoor noite;Josilton;872 .jpg
3;garfo;c;branco;outdoor noite;Josilton;873 .jpg
1;faca;c;branco;outdoor noite;Josilton;874 .jpg
2;faca;c;branco;outdoor noite;Josilton;875 .jpg
3;faca;c;branco;outdoor noite;Josilton;876 .jpg
1;colher;c;branco;outdoor noite;Josilton;877 .jpg
2;colher;c;branco;outdoor noite;Josilton;878 .jpg
3;colher;c;branco;outdoor noite;Josilton;879 .jpg
1;copo;c;branco;outdoor noite;Josilton;880 .jpg
2;copo;c;branco;outdoor noite;Josilton;881 .jpg
3;copo;c;branco;outdoor noite;Josilton;882 .jpg
1;caneca;c;branco;outdoor noite;Josilton;883 .jpg
2;caneca;c;branco;outdoor noite;Josilton;884 .jpg
3;caneca;c;branco;outdoor noite;Josilton;885 .jpg
1;alicate;c;branco;outdoor noite;Ciro;886 .jpg
2;alicate;c;branco;outdoor noite;Ciro;887 .jpg
3;alicate;c;branco;outdoor noite;Ciro;888 .jpg
1;chave;c;branco;outdoor noite;Ciro;889 .jpg
2;chave;c;branco;outdoor noite;Ciro;890 .jpg
3;chave;c;branco;outdoor noite;Ciro;891 .jpg
1;caneta;c;branco;outdoor noite;Ciro;892 .jpg
2;caneta;c;branco;outdoor noite;Ciro;893 .jpg
3;caneta;c;branco;outdoor noite;Ciro;894 .jpg
1;livro;c;branco;outdoor noite;Ciro;895 .jpg
2;livro;c;branco;outdoor noite;Ciro;896 .jpg
3;livro;c;branco;outdoor noite;Ciro;897 .jpg
1;caderno;c;branco;outdoor noite;Ciro;898 .jpg
2;caderno;c;branco;outdoor noite;Ciro;899 .jpg
3;caderno;c;branco;outdoor noite;Ciro;900 .jpg
1;garfo;a;mickey;outdoor noite;Josilton;901 .jpg
2;garfo;a;mickey;outdoor noite;Josilton;902 .jpg
3;garfo;a;mickey;outdoor noite;Josilton;903 .jpg
1;faca;a;mickey;outdoor noite;Josilton;904 .jpg
2;faca;a;mickey;outdoor noite;Josilton;905 .jpg
3;faca;a;mickey;outdoor noite;Josilton;906 .jpg
1;colher;a;mickey;outdoor noite;Josilton;907 .jpg
2;colher;a;mickey;outdoor noite;Josilton;908 .jpg
3;colher;a;mickey;outdoor noite;Josilton;909 .jpg
1;copo;a;mickey;outdoor noite;Josilton;910 .jpg
2;copo;a;mickey;outdoor noite;Josilton;911 .jpg
3;copo;a;mickey;outdoor noite;Josilton;912 .jpg
1;caneca;a;mickey;outdoor noite;Josilton;913 .jpg
2;caneca;a;mickey;outdoor noite;Josilton;914 .jpg
3;caneca;a;mickey;outdoor noite;Josilton;915 .jpg
1;alicate;a;mickey;outdoor noite;Ciro;916 .jpg
2;alicate;a;mickey;outdoor noite;Ciro;917 .jpg
3;alicate;a;mickey;outdoor noite;Ciro;918 .jpg
1;chave;a;mickey;outdoor noite;Ciro;919 .jpg
2;chave;a;mickey;outdoor noite;Ciro;920 .jpg
3;chave;a;mickey;outdoor noite;Ciro;921 .jpg
1;caneta;a;mickey;outdoor noite;Ciro;922 .jpg
2;caneta;a;mickey;outdoor noite;Ciro;923 .jpg
3;caneta;a;mickey;outdoor noite;Ciro;924 .jpg
1;livro;a;mickey;outdoor noite;Ciro;925 .jpg
2;livro;a;mickey;outdoor noite;Ciro;926 .jpg
3;livro;a;mickey;outdoor noite;Ciro;927 .jpg
1;caderno;a;mickey;outdoor noite;Ciro;928 .jpg
2;caderno;a;mickey;outdoor noite;Ciro;929 .jpg
3;caderno;a;mickey;outdoor noite;Ciro;930 .jpg
1;garfo;b;mickey;outdoor noite;Josilton;931 .jpg
2;garfo;b;mickey;outdoor noite;Josilton;932 .jpg
3;garfo;b;mickey;outdoor noite;Josilton;933 .jpg
1;faca;b;mickey;outdoor noite;Josilton;934 .jpg
2;faca;b;mickey;outdoor noite;Josilton;935 .jpg
3;faca;b;mickey;outdoor noite;Josilton;936 .jpg
1;colher;b;mickey;outdoor noite;Josilton;937 .jpg
2;colher;b;mickey;outdoor noite;Josilton;938 .jpg
3;colher;b;mickey;outdoor noite;Josilton;939 .jpg
1;copo;b;mickey;outdoor noite;Josilton;940 .jpg
2;copo;b;mickey;outdoor noite;Josilton;941 .jpg
3;copo;b;mickey;outdoor noite;Josilton;942 .jpg
1;caneca;b;mickey;outdoor noite;Josilton;943 .jpg
2;caneca;b;mickey;outdoor noite;Josilton;944 .jpg
3;caneca;b;mickey;outdoor noite;Josilton;945 .jpg
1;alicate;b;mickey;outdoor noite;Ciro;946 .jpg
2;alicate;b;mickey;outdoor noite;Ciro;947 .jpg
3;alicate;b;mickey;outdoor noite;Ciro;948 .jpg
1;chave;b;mickey;outdoor noite;Ciro;949 .jpg
2;chave;b;mickey;outdoor noite;Ciro;950 .jpg
3;chave;b;mickey;outdoor noite;Ciro;951 .jpg
1;caneta;b;mickey;outdoor noite;Ciro;952 .jpg
2;caneta;b;mickey;outdoor noite;Ciro;953 .jpg
3;caneta;b;mickey;outdoor noite;Ciro;954 .jpg
1;livro;b;mickey;outdoor noite;Ciro;955 .jpg
2;livro;b;mickey;outdoor noite;Ciro;956 .jpg
3;livro;b;mickey;outdoor noite;Ciro;957 .jpg
1;caderno;b;mickey;outdoor noite;Ciro;958 .jpg
2;caderno;b;mickey;outdoor noite;Ciro;959 .jpg
3;caderno;b;mickey;outdoor noite;Ciro;960 .jpg
1;garfo;c;mickey;outdoor noite;Josilton;961 .jpg
2;garfo;c;mickey;outdoor noite;Josilton;962 .jpg
3;garfo;c;mickey;outdoor noite;Josilton;963 .jpg
1;faca;c;mickey;outdoor noite;Josilton;964 .jpg
2;faca;c;mickey;outdoor noite;Josilton;965 .jpg
3;faca;c;mickey;outdoor noite;Josilton;966 .jpg
1;colher;c;mickey;outdoor noite;Josilton;967 .jpg
2;colher;c;mickey;outdoor noite;Josilton;968 .jpg
3;colher;c;mickey;outdoor noite;Josilton;969 .jpg
1;copo;c;mickey;outdoor noite;Josilton;970 .jpg
2;copo;c;mickey;outdoor noite;Josilton;971 .jpg
3;copo;c;mickey;outdoor noite;Josilton;972 .jpg
1;caneca;c;mickey;outdoor noite;Josilton;973 .jpg
2;caneca;c;mickey;outdoor noite;Josilton;974 .jpg
3;caneca;c;mickey;outdoor noite;Josilton;975 .jpg
1;alicate;c;mickey;outdoor noite;Ciro;976 .jpg
2;alicate;c;mickey;outdoor noite;Ciro;977 .jpg
3;alicate;c;mickey;outdoor noite;Ciro;978 .jpg
1;chave;c;mickey;outdoor noite;Ciro;979 .jpg
2;chave;c;mickey;outdoor noite;Ciro;980 .jpg
3;chave;c;mickey;outdoor noite;Ciro;981 .jpg
1;caneta;c;mickey;outdoor noite;Ciro;982 .jpg
2;caneta;c;mickey;outdoor noite;Ciro;983 .jpg
3;caneta;c;mickey;outdoor noite;Ciro;984 .jpg
1;livro;c;mickey;outdoor noite;Ciro;985 .jpg
2;livro;c;mickey;outdoor noite;Ciro;986 .jpg
3;livro;c;mickey;outdoor noite;Ciro;987 .jpg
1;caderno;c;mickey;outdoor noite;Ciro;988 .jpg
2;caderno;c;mickey;outdoor noite;Ciro;989 .jpg
3;caderno;c;mickey;outdoor noite;Ciro;990 .jpg
1;garfo;a;xadrez;outdoor noite;Josilton;991 .jpg
2;garfo;a;xadrez;outdoor noite;Josilton;992 .jpg
3;garfo;a;xadrez;outdoor noite;Josilton;993 .jpg
1;faca;a;xadrez;outdoor noite;Josilton;994 .jpg
2;faca;a;xadrez;outdoor noite;Josilton;995 .jpg
3;faca;a;xadrez;outdoor noite;Josilton;996 .jpg
1;colher;a;xadrez;outdoor noite;Josilton;997 .jpg
2;colher;a;xadrez;outdoor noite;Josilton;998 .jpg
3;colher;a;xadrez;outdoor noite;Josilton;999 .jpg
1;copo;a;xadrez;outdoor noite;Josilton;1000 .jpg
2;copo;a;xadrez;outdoor noite;Josilton;1001 .jpg
3;copo;a;xadrez;outdoor noite;Josilton;1002 .jpg
1;caneca;a;xadrez;outdoor noite;Josilton;1003 .jpg
2;caneca;a;xadrez;outdoor noite;Josilton;1004 .jpg
3;caneca;a;xadrez;outdoor noite;Josilton;1005 .jpg
1;alicate;a;xadrez;outdoor noite;Ciro;1006 .jpg
2;alicate;a;xadrez;outdoor noite;Ciro;1007 .jpg
3;alicate;a;xadrez;outdoor noite;Ciro;1008 .jpg
1;chave;a;xadrez;outdoor noite;Ciro;1009 .jpg
2;chave;a;xadrez;outdoor noite;Ciro;1010 .jpg
3;chave;a;xadrez;outdoor noite;Ciro;1011 .jpg
1;caneta;a;xadrez;outdoor noite;Ciro;1012 .jpg
2;caneta;a;xadrez;outdoor noite;Ciro;1013 .jpg
3;caneta;a;xadrez;outdoor noite;Ciro;1014 .jpg
1;livro;a;xadrez;outdoor noite;Ciro;1015 .jpg
2;livro;a;xadrez;outdoor noite;Ciro;1016 .jpg
3;livro;a;xadrez;outdoor noite;Ciro;1017 .jpg
1;caderno;a;xadrez;outdoor noite;Ciro;1018 .jpg
2;caderno;a;xadrez;outdoor noite;Ciro;1019 .jpg
3;caderno;a;xadrez;outdoor noite;Ciro;1020 .jpg
1;garfo;b;xadrez;outdoor noite;Josilton;1021 .jpg
2;garfo;b;xadrez;outdoor noite;Josilton;1022 .jpg
3;garfo;b;xadrez;outdoor noite;Josilton;1023 .jpg
1;faca;b;xadrez;outdoor noite;Josilton;1024 .jpg
2;faca;b;xadrez;outdoor noite;Josilton;1025 .jpg
3;faca;b;xadrez;outdoor noite;Josilton;1026 .jpg
1;colher;b;xadrez;outdoor noite;Josilton;1027 .jpg
2;colher;b;xadrez;outdoor noite;Josilton;1028 .jpg
3;colher;b;xadrez;outdoor noite;Josilton;1029 .jpg
1;copo;b;xadrez;outdoor noite;Josilton;1030 .jpg
2;copo;b;xadrez;outdoor noite;Josilton;1031 .jpg
3;copo;b;xadrez;outdoor noite;Josilton;1032 .jpg
1;caneca;b;xadrez;outdoor noite;Josilton;1033 .jpg
2;caneca;b;xadrez;outdoor noite;Josilton;1034 .jpg
3;caneca;b;xadrez;outdoor noite;Josilton;1035 .jpg
1;alicate;b;xadrez;outdoor noite;Ciro;1036 .jpg
2;alicate;b;xadrez;outdoor noite;Ciro;1037 .jpg
3;alicate;b;xadrez;outdoor noite;Ciro;1038 .jpg
1;chave;b;xadrez;outdoor noite;Ciro;1039 .jpg
2;chave;b;xadrez;outdoor noite;Ciro;1040 .jpg
3;chave;b;xadrez;outdoor noite;Ciro;1041 .jpg
1;caneta;b;xadrez;outdoor noite;Ciro;1042 .jpg
2;caneta;b;xadrez;outdoor noite;Ciro;1043 .jpg
3;caneta;b;xadrez;outdoor noite;Ciro;1044 .jpg
1;livro;b;xadrez;outdoor noite;Ciro;1045 .jpg
2;livro;b;xadrez;outdoor noite;Ciro;1046 .jpg
3;livro;b;xadrez;outdoor noite;Ciro;1047 .jpg
1;caderno;b;xadrez;outdoor noite;Ciro;1048 .jpg
2;caderno;b;xadrez;outdoor noite;Ciro;1049 .jpg
3;caderno;b;xadrez;outdoor noite;Ciro;1050 .jpg
1;garfo;c;xadrez;outdoor noite;Josilton;1051 .jpg
2;garfo;c;xadrez;outdoor noite;Josilton;1052 .jpg
3;garfo;c;xadrez;outdoor noite;Josilton;1053 .jpg
1;faca;c;xadrez;outdoor noite;Josilton;1054 .jpg
2;faca;c;xadrez;outdoor noite;Josilton;1055 .jpg
3;faca;c;xadrez;outdoor noite;Josilton;1056 .jpg
1;colher;c;xadrez;outdoor noite;Josilton;1057 .jpg
2;colher;c;xadrez;outdoor noite;Josilton;1058 .jpg
3;colher;c;xadrez;outdoor noite;Josilton;1059 .jpg
1;copo;c;xadrez;outdoor noite;Josilton;1060 .jpg
2;copo;c;xadrez;outdoor noite;Josilton;1061 .jpg
3;copo;c;xadrez;outdoor noite;Josilton;1062 .jpg
1;caneca;c;xadrez;outdoor noite;Josilton;1063 .jpg
2;caneca;c;xadrez;outdoor noite;Josilton;1064 .jpg
3;caneca;c;xadrez;outdoor noite;Josilton;1065 .jpg
1;alicate;c;xadrez;outdoor noite;Ciro;1066 .jpg
2;alicate;c;xadrez;outdoor noite;Ciro;1067 .jpg
3;alicate;c;xadrez;outdoor noite;Ciro;1068 .jpg
1;chave;c;xadrez;outdoor noite;Ciro;1069 .jpg
2;chave;c;xadrez;outdoor noite;Ciro;1070 .jpg
3;chave;c;xadrez;outdoor noite;Ciro;1071 .jpg
1;caneta;c;xadrez;outdoor noite;Ciro;1072 .jpg
2;caneta;c;xadrez;outdoor noite;Ciro;1073 .jpg
3;caneta;c;xadrez;outdoor noite;Ciro;1074 .jpg
1;livro;c;xadrez;outdoor noite;Ciro;1075 .jpg
2;livro;c;xadrez;outdoor noite;Ciro;1076 .jpg
3;livro;c;xadrez;outdoor noite;Ciro;1077 .jpg
1;caderno;c;xadrez;outdoor noite;Ciro;1078 .jpg
2;caderno;c;xadrez;outdoor noite;Ciro;1079 .jpg
3;caderno;c;xadrez;outdoor noite;Ciro;1080 .jpg
